zipcode,Active Life,Arts & Entertainment,Automotive,Bars,Beauty & Spas,Education,Event Planning & Services,Fashion,Financial Services,Health & Medical,Home Services,Hotels & Travel,Local Services,Nightlife,Pets,Professional Services,Public Services & Government,Religious Organizations,Restaurants,Shopping
15017,4.0,4.0,3.5,3.5,4.0,0.0,4.0,3.0,2.0,3.5,3.0,2.5,3.0,0.0,4.0,2.5,3.0,0.0,3.0,2.5
15034,4.0,4.0,3.0,3.0,4.5,0.0,0.0,0.0,0.0,0.0,2.0,3.5,5.0,3.0,4.5,4.0,0.0,0.0,4.0,4.5
15035,0.0,3.5,0.0,0.0,0.0,0.0,2.5,0.0,0.0,0.0,3.5,0.0,0.0,0.0,3.0,0.0,0.0,0.0,2.5,0.0
15102,4.0,4.5,3.0,3.5,3.5,3.0,4.5,2.0,3.0,2.5,4.0,3.5,4.0,3.5,4.0,5.0,3.5,5.0,3.5,4.0
15104,5.0,5.0,3.5,4.5,4.0,4.0,3.5,3.0,1.0,3.5,3.5,3.0,3.0,3.0,4.0,2.5,4.0,0.0,5.0,3.5
15106,3.5,4.5,2.5,4.0,4.5,4.0,4.0,3.0,3.0,2.5,3.5,3.5,4.0,3.5,3.5,2.0,4.5,4.0,4.0,3.5
15120,3.0,4.0,4.0,3.5,3.5,3.5,3.5,3.5,3.0,2.5,4.0,4.0,3.5,3.5,3.0,1.5,4.5,4.0,3.5,3.5
15122,4.0,4.0,3.0,3.5,4.0,3.5,4.0,3.0,3.0,3.5,4.5,4.5,4.5,3.5,5.0,2.5,3.0,4.0,3.0,4.0
15132,5.0,5.0,2.5,3.5,4.0,4.5,0.0,3.5,0.0,2.5,4.0,0.0,0.0,0.0,4.0,0.0,3.0,0.0,3.5,3.0
15136,4.0,5.0,4.5,4.0,4.5,5.0,4.5,3.0,3.0,1.5,3.5,3.0,4.5,2.5,4.0,2.5,3.5,4.0,4.0,3.5
15147,4.0,4.0,3.5,3.5,4.5,3.5,4.0,3.0,1.0,4.5,4.0,2.0,4.0,3.0,4.5,3.0,3.0,0.0,3.5,5.0
15201,3.5,4.5,4.0,3.5,4.5,5.0,4.0,4.5,2.5,4.5,4.0,4.0,4.5,2.5,4.5,3.0,4.5,4.0,4.0,4.5
15202,4.0,4.5,4.5,3.5,4.0,3.5,3.5,3.0,2.0,3.5,4.5,1.5,4.0,3.5,4.0,2.5,3.0,3.5,3.5,3.5
15203,3.5,4.0,4.0,4.0,4.5,4.0,4.0,4.0,2.5,4.0,3.5,3.5,4.5,3.0,5.0,4.5,4.0,4.0,3.5,4.0
15204,3.5,3.0,3.5,3.5,4.0,1.5,3.5,3.0,4.0,3.5,3.0,1.5,3.5,3.0,5.0,4.5,2.5,0.0,3.0,5.0
15205,4.0,4.0,4.0,3.5,3.5,3.5,5.0,5.0,3.0,2.5,3.0,3.0,5.0,3.0,4.0,2.5,1.5,5.0,3.5,4.0
15206,4.0,4.5,4.0,3.5,4.0,4.5,5.0,3.5,2.5,4.0,3.0,3.5,3.0,2.5,4.0,4.0,2.5,5.0,4.0,4.0
15207,4.5,4.5,4.5,4.0,4.0,4.0,4.5,3.0,3.0,3.5,5.0,3.0,3.5,3.5,3.5,3.5,3.0,4.5,4.0,3.5
15208,3.5,4.0,3.5,4.5,4.0,3.5,4.5,3.0,3.5,4.5,4.5,3.0,4.5,3.5,4.0,2.0,4.0,4.0,4.5,4.5
15209,4.0,5.0,3.0,4.0,4.0,4.0,3.5,3.0,2.5,3.5,2.0,3.0,5.0,4.0,4.0,2.5,3.5,3.5,4.0,4.5
15210,5.0,4.5,4.0,3.5,4.5,4.0,4.5,3.5,2.5,3.5,2.5,2.5,3.0,4.0,3.0,3.5,3.0,4.5,4.0,3.0
15211,4.0,4.5,3.0,4.0,3.0,3.5,3.5,3.0,3.0,5.0,4.0,3.0,3.0,3.5,4.0,2.0,4.5,4.0,4.0,2.5
15212,4.5,4.0,4.5,3.5,4.5,3.0,4.0,3.0,3.0,3.5,4.0,3.5,4.5,3.5,5.0,2.5,4.0,4.0,3.5,3.5
15213,4.5,4.5,3.5,3.5,4.0,4.5,3.5,3.5,3.0,3.5,3.5,3.0,4.0,4.5,4.0,5.0,5.0,4.5,3.5,3.5
15214,4.5,4.0,3.5,3.5,4.0,3.0,0.0,0.0,1.0,0.0,2.0,3.0,3.5,0.0,4.5,0.0,3.5,0.0,4.0,1.0
15215,4.0,4.0,3.5,3.0,4.5,4.0,3.0,3.0,2.0,2.5,2.0,3.0,2.0,3.0,3.5,2.0,3.0,4.5,4.0,3.5
15216,4.5,4.0,4.0,3.5,4.0,3.5,4.0,3.5,3.0,4.0,3.5,3.0,3.5,4.0,4.5,2.5,5.0,4.0,4.0,4.0
15217,4.5,4.5,4.0,4.0,4.0,3.5,2.0,3.5,3.0,4.5,4.0,3.5,3.5,3.5,4.0,2.5,3.5,3.5,3.5,4.0
15218,4.0,3.5,4.0,4.5,3.5,4.0,3.5,3.0,3.0,4.5,3.5,3.0,3.5,3.5,3.5,2.5,3.0,4.5,4.0,3.5
15219,4.5,3.5,3.0,3.5,4.0,5.0,4.0,3.5,3.0,4.0,3.0,4.0,4.0,3.0,4.0,4.5,4.5,4.5,3.5,3.5
15220,3.5,4.5,2.5,3.5,4.0,3.5,3.5,3.5,3.0,2.5,3.5,3.0,2.5,3.5,4.0,2.0,5.0,4.0,3.5,3.5
15221,3.5,4.5,3.0,3.5,4.5,3.5,2.5,3.0,3.0,5.0,2.5,3.0,4.0,3.5,4.5,5.0,1.5,4.0,4.0,4.0
15222,4.0,4.5,2.0,3.5,4.0,4.0,3.5,4.0,2.0,4.0,3.5,3.5,4.0,3.5,4.5,1.5,4.5,3.5,4.0,4.0
15223,3.5,3.5,3.5,3.5,4.0,4.0,4.0,3.0,2.0,3.5,3.0,3.0,4.5,3.0,3.5,3.5,2.5,3.5,4.5,4.5
15224,4.0,3.5,2.5,4.0,4.5,4.0,3.5,4.5,3.5,3.5,4.0,4.0,3.5,4.0,4.5,2.5,2.0,4.0,4.0,4.0
15226,3.5,4.0,4.0,3.5,4.0,4.0,5.0,3.0,3.5,3.5,4.0,3.0,4.5,3.0,4.0,3.0,3.0,3.5,4.0,3.5
15227,3.5,4.0,4.0,3.0,4.0,4.5,4.0,3.0,3.5,5.0,4.5,3.0,3.0,3.5,4.0,2.5,3.5,4.0,4.0,3.5
15228,3.5,4.0,4.0,3.5,4.0,3.5,3.5,2.5,2.5,4.0,4.0,3.5,4.0,3.5,4.0,1.5,4.0,0.0,4.0,3.5
15229,5.0,4.5,3.5,3.5,4.0,3.0,4.5,0.0,1.5,2.5,2.5,4.0,3.0,0.0,4.0,0.0,3.5,0.0,3.5,3.0
15231,4.0,3.5,3.5,3.0,4.0,4.0,4.5,3.5,0.0,3.0,3.5,2.5,4.0,4.0,4.0,3.5,4.0,0.0,3.5,3.5
15232,4.0,4.0,4.0,3.5,4.0,4.5,4.0,4.0,3.5,4.0,2.5,3.5,3.5,3.0,4.5,3.0,4.5,3.5,3.5,4.0
15233,4.5,4.0,4.0,4.0,5.0,3.5,3.5,3.0,1.0,4.5,3.5,2.5,3.5,3.5,4.5,5.0,3.0,4.5,4.0,5.0
15234,3.5,4.0,3.5,3.5,3.5,3.5,3.5,3.0,3.0,3.5,3.5,3.0,4.0,3.5,4.5,3.0,3.0,3.5,3.5,3.5
15235,0.0,0.0,0.0,3.0,2.5,0.0,5.0,0.0,0.0,0.0,3.5,0.0,0.0,0.0,4.5,0.0,0.0,0.0,4.5,1.0
15236,4.0,5.0,4.5,3.5,4.0,4.0,3.5,3.0,2.5,5.0,3.5,3.0,5.0,3.5,4.0,3.0,3.0,4.0,4.0,3.5
15237,5.0,4.5,4.5,3.5,4.0,0.0,5.0,3.5,1.0,3.0,3.5,3.0,4.5,1.5,4.5,0.0,3.5,0.0,3.5,3.5
15238,4.5,3.5,3.5,3.0,3.5,3.5,3.5,4.0,3.0,3.0,2.0,3.0,4.0,3.5,4.0,2.5,3.0,4.5,3.5,4.0
15240,0.0,0.0,0.0,0.0,0.0,0.0,0.0,0.0,0.0,0.0,0.0,0.0,0.0,0.0,0.0,0.0,0.0,0.0,4.0,0.0
15241,5.0,4.0,5.0,3.0,3.0,4.0,3.5,3.0,2.0,3.5,3.0,2.5,3.5,3.5,4.0,3.0,3.0,4.0,3.5,5.0
15243,3.5,4.0,3.0,3.5,4.5,4.5,3.0,3.5,3.0,4.5,3.5,5.0,3.5,2.0,3.0,2.0,3.0,4.0,3.5,3.5
15250,4.0,4.0,4.0,3.5,3.5,4.0,4.5,3.0,1.0,3.5,4.0,3.5,4.0,3.0,4.0,3.5,3.0,4.0,3.5,3.5
15260,5.0,5.0,3.5,3.0,4.0,4.0,4.5,0.0,2.0,2.5,2.5,5.0,2.5,0.0,4.0,0.0,4.0,0.0,3.5,3.0
15261,5.0,4.0,1.0,4.0,3.5,4.0,3.5,3.5,0.0,1.5,4.5,5.0,0.0,0.0,0.0,0.0,2.5,0.0,3.5,2.5
15270,5.0,4.5,1.0,4.0,3.5,4.0,3.5,3.5,0.0,1.5,4.5,5.0,0.0,0.0,0.0,0.0,2.5,0.0,3.5,2.5
15272,4.0,4.5,5.0,3.5,4.0,3.0,0.0,2.5,0.0,4.0,3.0,1.5,3.5,0.0,3.5,0.0,5.0,0.0,3.5,3.5
15275,0.0,0.0,0.0,0.0,0.0,0.0,2.5,0.0,0.0,0.0,4.5,0.0,0.0,0.0,3.0,0.0,0.0,0.0,0.0,0.0
15282,4.0,4.0,4.0,3.5,4.0,4.0,4.0,3.5,3.0,3.5,4.0,3.5,4.0,3.5,4.5,3.0,3.5,4.5,3.5,3.5
15289,4.0,3.5,3.5,4.0,4.0,4.5,4.0,4.5,3.0,3.5,3.5,3.0,3.5,3.5,4.0,3.5,4.0,4.0,3.5,3.5
18104,0.0,0.0,0.0,0.0,0.0,0.0,0.0,0.0,0.0,0.0,0.0,0.0,0.0,0.0,0.0,0.0,0.0,0.0,3.5,0.0
23079,0.0,0.0,0.0,0.0,0.0,0.0,0.0,0.0,0.0,0.0,0.0,0.0,0.0,0.0,0.0,0.0,0.0,0.0,2.0,0.0
28012,4.0,4.0,3.5,3.5,4.0,5.0,4.0,3.5,3.0,4.0,2.0,3.5,4.5,3.0,4.5,2.5,2.5,4.0,4.0,3.0
28025,0.0,3.5,3.0,0.0,4.0,0.0,0.0,0.0,0.0,0.0,0.0,3.5,0.0,3.0,0.0,0.0,0.0,0.0,3.5,3.0
28026,4.0,4.0,3.5,3.5,4.0,4.0,4.0,3.0,2.5,3.5,3.5,3.0,4.0,4.0,4.0,3.0,3.5,0.0,3.5,3.5
28027,3.0,3.5,3.0,3.0,4.0,3.0,4.0,3.5,3.0,3.5,1.5,3.5,4.0,3.0,3.0,2.5,3.5,4.0,3.5,3.5
28052,0.0,0.0,0.0,0.0,0.0,0.0,0.0,0.0,0.0,0.0,0.0,0.0,0.0,0.0,0.0,0.0,0.0,0.0,1.5,0.0
28070,0.0,0.0,0.0,0.0,0.0,0.0,0.0,0.0,0.0,0.0,0.0,0.0,0.0,0.0,0.0,0.0,0.0,0.0,3.0,0.0
28075,2.0,4.0,2.5,3.5,4.0,4.0,3.5,3.0,3.0,4.5,3.5,5.0,3.5,3.0,4.0,2.0,4.0,4.0,3.5,4.5
28078,4.0,4.0,4.0,3.5,3.5,3.5,4.0,3.5,3.0,3.5,5.0,3.0,3.5,3.5,4.0,2.0,4.0,4.0,4.0,4.0
28079,3.0,5.0,4.5,3.5,4.0,4.0,5.0,4.0,2.0,2.0,2.0,3.0,4.0,3.5,5.0,3.0,3.0,4.0,4.0,2.0
28097,4.0,3.5,3.0,3.5,4.0,4.0,4.0,4.0,0.0,5.0,4.5,4.0,5.0,2.5,4.0,0.0,3.5,0.0,3.0,3.0
28101,0.0,0.0,0.0,0.0,0.0,0.0,0.0,0.0,0.0,0.0,0.0,0.0,0.0,0.0,0.0,0.0,0.0,0.0,4.0,0.0
28104,4.5,3.5,4.0,3.0,4.0,3.0,4.0,3.5,3.0,3.5,3.5,3.5,4.0,3.5,4.0,1.0,3.0,4.5,4.0,4.0
28105,4.0,4.5,4.0,3.5,3.5,4.5,4.0,3.0,3.0,4.0,3.5,3.5,4.0,3.0,4.0,2.5,3.0,4.0,3.5,3.5
28106,0.0,0.0,0.0,3.5,0.0,0.0,0.0,0.0,0.0,0.0,3.5,0.0,0.0,0.0,0.0,0.0,3.0,0.0,2.5,0.0
28110,0.0,0.0,0.0,0.0,0.0,0.0,0.0,0.0,0.0,0.0,1.0,0.0,0.0,0.0,0.0,0.0,0.0,0.0,3.5,0.0
28120,4.5,5.0,3.0,3.5,4.5,3.5,3.5,3.5,2.5,3.5,3.0,5.0,3.5,3.0,3.0,2.5,4.0,4.5,4.0,2.5
28127,0.0,0.0,0.0,0.0,0.0,0.0,0.0,0.0,0.0,0.0,0.0,0.0,0.0,0.0,0.0,0.0,0.0,0.0,3.5,0.0
28134,3.0,4.0,3.5,3.5,4.0,4.0,4.0,3.0,3.0,3.5,4.0,3.5,4.0,3.0,4.0,3.0,3.5,5.0,4.0,3.5
28173,4.5,4.5,3.5,3.5,3.0,0.0,0.0,3.5,1.5,3.0,2.0,4.0,3.0,4.0,4.5,4.0,1.0,0.0,3.5,5.0
28201,4.5,0.0,0.0,0.0,0.0,0.0,0.0,0.0,0.0,0.0,5.0,2.0,0.0,0.0,0.0,0.0,0.0,0.0,2.5,4.5
28202,4.0,4.0,3.5,3.5,4.5,4.5,4.0,4.0,1.5,4.5,3.5,3.5,3.5,3.0,4.5,3.5,4.0,4.5,3.5,3.5
28203,4.5,4.0,4.0,3.5,4.0,4.5,4.0,4.0,4.0,4.5,3.5,4.0,4.0,3.5,4.5,2.0,4.0,4.0,4.0,4.0
28204,4.5,4.5,3.0,4.0,4.0,3.0,3.0,3.5,3.0,4.0,3.5,2.5,4.0,4.0,5.0,4.0,2.5,5.0,4.0,4.0
28205,4.5,4.0,4.0,4.0,4.5,4.5,4.0,3.5,2.0,4.5,3.5,4.0,3.5,4.0,4.0,5.0,3.0,4.0,4.0,4.0
28206,4.5,4.0,4.0,3.5,3.5,4.0,4.0,3.0,2.5,3.5,4.0,3.0,4.0,3.5,4.0,3.0,5.0,4.0,4.0,4.5
28207,4.5,4.0,3.5,3.0,3.5,4.0,3.5,4.5,3.0,3.5,4.5,5.0,3.5,3.0,4.0,3.0,3.0,4.0,4.0,3.5
28208,4.5,3.5,4.0,3.5,3.0,3.5,3.5,2.0,2.5,4.0,3.0,3.0,4.5,3.5,4.5,2.5,3.5,4.0,3.5,3.5
28209,4.0,4.0,3.5,4.0,4.0,4.0,3.5,3.5,3.0,4.5,3.5,4.0,4.0,2.5,4.0,3.5,2.5,3.5,3.5,4.0
28210,4.0,3.5,3.0,3.5,4.0,4.0,4.0,3.5,3.0,3.5,3.0,4.0,4.0,3.5,4.0,3.5,2.5,5.0,4.0,3.5
28211,4.0,4.0,4.0,4.0,3.5,4.5,4.0,4.0,5.0,3.5,3.5,4.0,4.0,4.0,3.5,5.0,3.5,4.0,3.5,4.0
28212,2.5,2.5,3.5,3.5,3.0,3.5,5.0,3.0,2.5,3.5,3.0,3.5,4.0,2.5,4.0,5.0,3.0,4.5,3.5,4.0
28213,4.0,5.0,4.0,3.5,3.5,3.5,2.0,3.5,3.0,4.0,4.0,3.5,3.5,5.0,3.5,3.5,3.0,4.5,3.5,3.5
28214,4.5,4.5,2.5,3.0,4.5,4.0,3.5,3.5,3.0,4.5,3.5,3.5,3.0,3.5,1.5,2.0,2.5,5.0,3.5,3.5
28215,4.5,3.5,3.5,3.5,3.5,3.5,4.0,3.0,2.5,5.0,3.5,2.5,3.5,3.5,4.0,3.0,3.0,3.5,4.0,4.0
28216,4.5,3.0,4.0,3.0,3.5,3.0,3.5,3.5,3.0,2.5,3.0,3.5,3.5,3.0,3.0,2.5,2.5,4.5,3.5,3.5
28217,4.0,4.5,4.0,3.5,3.5,4.5,4.0,3.0,3.0,3.5,3.5,3.0,4.0,3.0,4.0,3.0,3.5,4.0,3.5,4.0
28219,0.0,4.0,3.0,3.5,3.5,0.0,0.0,3.0,2.0,1.5,4.0,2.5,2.5,2.5,3.0,5.0,4.0,0.0,3.0,0.0
28221,0.0,0.0,0.0,0.0,0.0,0.0,0.0,0.0,0.0,0.0,0.0,0.0,0.0,0.0,0.0,0.0,0.0,0.0,3.0,0.0
28223,5.0,4.5,0.0,0.0,4.5,4.0,4.5,0.0,0.0,0.0,4.0,0.0,2.0,4.0,4.5,0.0,4.5,0.0,4.0,3.5
28224,0.0,3.5,0.0,0.0,0.0,0.0,2.5,0.0,0.0,0.0,4.0,0.0,0.0,0.0,3.0,0.0,0.0,0.0,2.5,0.0
28226,4.5,4.0,3.0,3.5,4.0,3.0,3.5,2.5,3.0,4.0,3.5,3.5,3.5,3.0,4.0,2.5,4.0,4.0,3.5,3.5
28227,2.5,4.0,4.0,3.0,3.5,4.5,4.5,4.0,3.0,4.0,4.0,2.5,4.0,3.5,5.0,1.5,3.0,4.0,3.5,3.5
28233,4.5,4.0,4.5,3.0,3.5,0.0,4.5,0.0,0.0,3.5,4.0,2.0,4.5,3.0,5.0,0.0,0.0,0.0,3.5,4.0
28234,4.0,3.5,3.0,3.5,4.0,4.0,4.0,4.0,0.0,5.0,4.5,4.0,3.0,2.5,4.0,0.0,3.5,0.0,3.0,3.0
28244,4.0,4.0,3.5,3.0,3.0,3.5,3.5,3.0,3.0,4.0,3.5,3.0,3.5,3.5,4.0,2.5,3.0,4.0,3.5,3.5
28246,0.0,0.0,0.0,0.0,0.0,0.0,0.0,0.0,0.0,0.0,0.0,0.0,0.0,0.0,0.0,0.0,0.0,0.0,4.0,0.0
28251,0.0,3.5,0.0,0.0,0.0,0.0,2.5,0.0,0.0,0.0,1.0,0.0,0.0,0.0,3.0,0.0,0.0,0.0,2.5,0.0
28253,4.0,4.0,4.0,3.5,3.5,4.0,4.5,3.0,2.5,3.5,4.0,3.5,4.0,3.0,4.0,3.5,3.0,4.0,3.5,3.5
28255,3.0,4.5,3.0,3.0,4.0,4.5,4.0,4.0,2.0,3.5,4.0,2.5,3.5,2.5,0.0,5.0,4.0,0.0,3.0,3.5
28262,4.0,4.0,3.5,3.0,3.5,4.5,4.0,3.0,3.0,3.0,3.0,3.5,3.5,3.5,3.0,3.0,3.0,4.5,3.5,3.5
28263,3.5,4.0,2.5,4.0,3.5,4.0,4.0,3.0,2.5,3.5,1.5,3.0,3.0,3.5,3.5,2.5,3.0,4.0,3.5,3.5
28266,3.0,3.5,2.5,3.0,4.0,5.0,3.5,4.0,2.0,3.5,4.0,3.5,2.5,4.0,4.5,2.0,3.5,0.0,3.0,3.0
28269,4.0,3.5,4.0,3.0,3.5,3.5,4.0,3.5,3.0,3.5,3.5,3.0,4.0,2.5,4.5,3.5,3.0,5.0,3.5,3.5
28270,4.5,4.0,4.0,3.5,4.0,4.5,5.0,2.5,3.5,4.0,4.0,3.0,4.0,3.0,4.0,3.0,3.0,4.5,3.5,3.5
28271,0.0,0.0,2.0,3.5,4.5,4.0,5.0,0.0,0.0,1.0,5.0,0.0,2.5,0.0,5.0,2.5,4.0,0.0,2.0,4.0
28273,3.5,4.0,4.0,3.5,4.0,4.5,4.0,3.5,4.0,4.0,2.5,3.5,3.5,3.0,3.5,2.0,3.5,5.0,3.5,3.5
28274,4.0,4.0,4.0,3.5,4.0,4.0,4.0,3.5,3.0,3.5,4.0,3.5,4.0,3.5,4.5,3.0,3.5,4.5,3.5,3.5
28277,4.0,3.5,2.5,3.5,3.5,4.0,3.5,3.5,1.5,4.0,4.0,4.0,3.5,2.5,4.0,2.0,3.0,4.5,3.5,3.5
28278,4.0,4.0,3.5,3.0,4.0,3.5,3.5,3.5,3.0,4.5,3.5,3.5,4.0,3.0,4.0,2.0,2.5,0.0,3.0,4.5
28280,5.0,4.0,3.5,3.0,4.0,4.0,5.0,3.5,0.0,5.0,3.0,3.5,3.5,1.5,4.5,1.0,3.0,0.0,3.5,3.5
28281,4.5,4.0,4.5,3.0,3.5,0.0,4.5,0.0,0.0,3.5,4.0,2.0,4.5,3.0,5.0,0.0,0.0,0.0,3.5,3.0
28282,3.0,4.0,0.0,3.0,4.0,0.0,3.5,0.0,0.0,0.0,0.0,2.5,3.0,0.0,0.0,0.0,4.0,0.0,4.0,2.5
28285,4.0,3.5,3.5,3.5,3.0,4.5,4.5,2.5,3.0,3.0,2.5,4.0,3.0,4.0,3.5,4.0,2.5,0.0,3.5,2.0
28288,4.5,4.0,3.0,3.5,4.0,5.0,0.0,0.0,2.0,3.0,2.0,3.5,3.5,3.5,4.5,4.0,0.0,0.0,3.0,4.0
28297,4.0,3.5,3.0,3.5,4.0,4.0,4.0,4.0,0.0,5.0,4.5,4.0,5.0,2.5,4.0,0.0,3.5,0.0,3.0,3.0
28299,5.0,4.0,0.0,0.0,0.0,0.0,0.0,0.0,0.0,0.0,4.5,2.0,5.0,0.0,0.0,0.0,0.0,0.0,2.5,3.5
28720,3.5,3.5,3.0,3.5,4.0,4.5,3.5,3.5,4.5,4.5,3.5,4.0,4.0,3.0,4.5,3.0,3.0,0.0,3.5,3.5
28787,0.0,0.0,0.0,0.0,0.0,0.0,0.0,0.0,0.0,0.0,0.0,0.0,0.0,0.0,0.0,0.0,0.0,0.0,4.5,0.0
29203,4.0,4.5,4.5,3.5,4.0,0.0,5.0,3.5,1.0,3.0,3.5,3.0,4.5,1.5,4.5,0.0,3.5,0.0,3.5,3.5
29204,3.5,4.0,3.0,3.5,3.5,4.0,4.0,4.0,0.0,4.0,3.5,2.0,4.0,4.0,4.5,4.5,3.5,0.0,3.5,4.0
29707,4.0,4.5,4.0,3.5,3.5,3.5,3.5,2.5,2.5,3.0,3.0,3.0,2.0,4.0,3.5,3.0,3.0,3.5,3.0,4.5
29708,4.0,4.5,4.0,3.5,4.0,3.0,4.5,3.5,3.0,4.5,3.0,3.0,3.5,3.5,4.5,3.5,3.0,4.0,3.5,4.0
29710,4.0,4.5,3.0,2.5,4.5,4.5,4.0,3.0,0.0,3.5,3.5,3.5,1.5,0.0,4.0,2.5,4.0,0.0,3.5,3.0
29715,3.5,4.0,4.0,3.5,4.0,4.0,3.5,3.0,3.0,5.0,4.5,3.0,4.0,3.5,4.0,1.0,3.0,4.0,4.0,3.5
29716,0.0,0.0,0.0,0.0,0.0,0.0,0.0,0.0,0.0,0.0,4.5,0.0,0.0,0.0,0.0,4.5,3.0,0.0,2.5,0.0
29732,2.5,4.5,0.0,0.0,0.0,0.0,0.0,0.0,0.0,0.0,0.0,0.0,0.0,0.0,0.0,0.0,0.0,0.0,3.0,0.0
33853,0.0,0.0,0.0,0.0,0.0,0.0,0.0,0.0,0.0,0.0,0.0,0.0,0.0,0.0,0.0,0.0,0.0,0.0,3.0,0.0
53175,0.0,0.0,0.0,0.0,0.0,0.0,0.0,0.0,0.0,0.0,0.0,0.0,0.0,0.0,0.0,0.0,0.0,0.0,3.5,0.0
53527,4.5,4.0,1.0,3.0,4.5,3.5,3.5,3.0,3.5,5.0,5.0,3.0,4.0,3.0,5.0,3.0,2.5,3.5,3.5,3.5
53529,4.0,4.0,3.5,5.0,4.0,4.0,4.0,3.0,2.5,3.5,3.5,3.0,4.0,4.0,4.0,3.0,3.5,0.0,3.5,3.5
53532,3.5,4.0,5.0,3.5,4.0,4.0,5.0,3.0,3.0,3.5,2.5,4.5,3.5,5.0,4.0,3.5,3.0,4.0,3.5,3.0
53558,3.5,4.0,5.0,3.5,4.0,4.0,5.0,3.0,2.5,3.5,4.0,4.5,5.0,3.5,5.0,2.5,2.5,4.0,4.0,2.0
53562,4.0,4.0,3.5,3.5,4.0,4.5,3.5,4.0,3.0,4.5,2.5,3.0,3.0,3.0,4.5,2.0,2.5,5.0,3.5,4.0
53575,3.5,4.0,4.0,3.0,3.5,4.5,4.0,3.0,3.0,3.5,4.0,3.0,4.0,4.0,3.0,3.5,3.0,4.5,3.5,3.5
53589,3.0,4.5,0.0,0.0,0.0,0.0,0.0,0.0,0.0,0.0,0.0,0.0,0.0,0.0,0.0,0.0,0.0,0.0,3.5,0.0
53590,4.0,4.0,3.5,3.5,3.5,3.5,4.5,2.5,5.0,4.5,5.0,3.5,4.0,3.5,4.5,2.5,5.0,4.0,3.5,4.0
53593,4.5,4.5,4.0,3.5,4.5,5.0,4.0,4.0,3.0,3.5,3.0,4.5,5.0,3.0,5.0,2.5,3.0,4.0,3.5,4.5
53597,4.0,3.5,4.0,3.5,4.5,3.5,3.5,2.5,2.5,4.0,3.0,1.0,3.5,3.5,3.5,3.0,3.0,4.0,3.5,4.0
53598,3.0,4.0,3.5,3.5,4.5,4.0,3.5,4.0,3.0,3.5,3.5,2.5,3.5,4.0,4.0,4.0,3.0,0.0,3.5,3.5
53701,3.5,4.0,3.5,3.5,4.0,4.0,4.0,3.0,3.5,3.5,4.0,3.5,4.0,5.0,4.0,4.0,3.5,4.5,3.5,3.5
53702,4.0,5.0,3.0,3.0,4.0,4.0,4.0,3.0,3.0,3.5,3.5,3.5,3.0,0.0,4.5,2.0,4.5,0.0,3.5,3.5
53703,4.0,4.0,3.5,3.5,4.0,4.5,4.0,4.0,4.0,4.5,4.0,4.0,4.0,3.5,4.5,5.0,4.5,4.0,4.0,4.0
53704,4.0,4.0,3.0,3.5,4.0,3.5,3.5,3.5,3.0,4.0,3.5,3.5,4.0,4.5,4.5,4.5,4.0,4.0,4.0,3.5
53705,4.0,3.5,3.5,4.0,4.0,4.0,5.0,3.5,3.0,4.0,3.0,3.0,2.5,3.5,4.5,3.0,3.5,4.0,3.5,3.5
53706,4.5,4.5,3.5,3.5,4.0,4.5,3.5,3.5,3.0,3.5,2.5,3.0,4.5,3.5,5.0,2.5,5.0,3.5,4.0,3.5
53707,0.0,3.5,0.0,0.0,0.0,0.0,2.5,0.0,0.0,0.0,5.0,0.0,0.0,0.0,3.0,0.0,0.0,0.0,2.5,0.0
53711,4.0,4.0,4.0,3.5,4.0,4.5,5.0,4.0,3.5,4.0,3.5,4.0,3.5,4.0,4.0,2.5,4.5,3.5,3.5,4.0
53713,4.0,4.0,4.0,3.5,4.0,5.0,4.0,3.0,3.0,3.5,4.0,3.5,4.0,3.5,4.0,3.0,4.0,4.0,3.5,3.5
53714,3.5,3.5,4.5,3.5,4.0,4.0,3.5,3.0,2.0,3.0,5.0,3.0,2.0,3.5,4.5,5.0,4.0,4.5,4.0,2.5
53715,4.0,4.5,3.5,3.5,3.5,4.0,3.0,4.5,3.0,4.0,5.0,2.5,4.0,4.0,4.5,3.0,3.0,4.0,3.5,3.5
53716,4.5,4.0,3.5,3.5,3.5,4.5,3.5,4.0,4.5,2.5,2.5,2.5,2.5,3.5,4.5,3.0,4.0,4.0,3.5,4.0
53717,4.0,4.0,3.5,3.5,4.0,4.0,4.0,3.0,4.0,3.5,5.0,3.0,4.0,3.5,5.0,2.5,2.5,4.5,3.5,3.5
53718,3.5,3.5,3.5,3.5,5.0,4.0,2.0,3.0,3.0,4.0,4.0,4.0,3.5,3.0,3.5,1.5,3.0,3.5,3.5,4.5
53719,4.0,4.0,3.5,3.5,3.5,3.5,4.0,3.0,4.0,4.0,3.5,3.5,4.0,3.5,4.0,2.5,2.5,4.0,3.5,3.5
53725,4.5,4.0,3.5,3.0,3.5,0.0,5.0,0.0,3.5,3.5,3.5,4.5,4.5,4.5,4.5,3.0,3.5,0.0,4.0,1.0
53726,4.0,4.0,3.0,3.5,4.5,4.0,4.0,3.5,3.0,3.5,3.5,3.5,4.0,4.0,4.0,4.0,3.0,3.5,4.0,4.5
53774,4.5,3.5,3.5,2.5,3.5,4.0,3.5,4.0,3.5,4.0,3.5,3.5,5.0,1.5,4.0,2.5,2.5,0.0,3.5,3.5
53783,4.0,4.0,4.0,3.5,3.5,4.0,4.5,3.0,1.5,3.5,4.0,3.5,4.0,3.0,4.0,3.5,3.0,4.0,3.5,3.5
53792,3.5,3.5,3.0,3.5,4.0,4.5,3.5,3.5,4.5,4.0,3.5,4.0,4.0,3.0,4.5,3.0,3.0,0.0,3.5,3.5
53925,3.5,4.5,3.0,4.0,4.5,5.0,4.5,0.0,2.0,1.5,4.0,3.0,3.5,3.5,4.5,1.5,3.5,0.0,3.5,3.0
55122,4.0,3.5,3.0,3.5,4.0,4.0,4.0,4.0,0.0,5.0,4.5,4.0,5.0,2.5,4.0,0.0,3.5,0.0,3.0,3.0
60625,0.0,3.5,0.0,0.0,0.0,0.0,2.5,0.0,0.0,0.0,4.5,0.0,0.0,0.0,3.0,0.0,0.0,0.0,2.5,0.0
61801,4.0,4.5,4.0,3.5,3.5,4.5,2.5,3.5,3.0,3.5,4.0,3.0,3.5,3.5,4.0,3.0,4.5,3.5,4.0,4.0
61802,4.5,4.0,4.5,4.5,4.0,3.5,3.0,1.5,3.0,2.5,3.0,2.5,3.5,4.5,4.0,2.5,2.5,4.0,3.5,3.5
61803,4.0,4.0,3.5,3.0,4.0,3.0,4.0,3.0,3.5,3.5,3.5,3.0,3.5,3.5,4.5,2.5,3.0,0.0,3.0,3.5
61820,4.5,4.0,4.0,3.5,4.0,4.0,4.0,3.5,4.0,3.5,2.5,3.5,3.5,4.0,4.0,5.0,4.5,4.0,3.5,4.0
61821,4.5,4.0,3.5,3.5,3.0,4.5,0.0,2.0,2.0,2.0,2.0,4.0,3.0,4.0,3.0,0.0,3.0,0.0,3.5,3.0
61822,4.0,3.5,2.5,3.5,5.0,4.0,4.0,4.0,3.5,2.5,4.0,3.0,2.0,3.0,4.0,3.0,3.0,4.5,3.5,3.5
61824,4.5,4.5,4.5,3.5,4.0,0.0,5.0,3.5,1.0,3.0,3.5,3.0,4.5,1.5,4.5,0.0,3.5,0.0,3.5,3.5
61874,4.0,4.5,3.0,2.5,5.0,4.0,3.5,4.5,2.5,4.5,3.5,3.0,3.5,3.5,5.0,3.5,3.0,5.0,2.0,4.0
68451,3.0,4.5,3.0,3.0,5.0,4.5,3.5,4.0,2.0,2.5,4.5,2.5,3.0,2.5,4.5,5.0,4.0,0.0,3.0,3.0
71854,4.0,3.5,3.0,3.5,4.0,4.0,4.0,4.0,0.0,5.0,4.5,4.0,5.0,2.5,4.0,0.0,3.5,0.0,3.0,3.0
72041,0.0,3.5,0.0,0.0,0.0,0.0,2.5,0.0,0.0,0.0,2.5,0.0,0.0,0.0,3.0,0.0,0.0,0.0,2.5,0.0
75042,4.0,4.0,4.0,3.5,3.5,4.0,4.5,3.0,3.5,3.5,4.0,3.5,4.0,3.0,4.0,3.5,3.0,4.0,3.5,3.5
75247,0.0,0.0,0.0,0.0,0.0,0.0,0.0,0.0,0.0,0.0,0.0,0.0,0.0,0.0,0.0,0.0,0.0,0.0,4.0,0.0
78409,3.5,4.0,3.0,3.5,3.5,4.0,4.0,4.0,0.0,4.0,3.5,3.0,4.0,4.0,4.5,4.5,3.5,0.0,3.5,4.0
81058,3.0,4.5,3.0,3.0,4.0,4.5,3.5,4.0,2.0,2.5,4.5,2.5,3.0,2.5,4.5,5.0,4.0,0.0,3.0,3.0
84224,3.5,3.5,3.0,3.5,4.0,4.5,3.5,3.5,4.5,4.5,3.5,4.0,4.0,3.0,4.5,3.0,3.0,0.0,3.5,3.5
85000,5.0,5.0,1.0,4.0,3.5,4.0,3.5,3.5,0.0,1.5,4.5,5.0,0.0,0.0,0.0,0.0,2.5,0.0,3.5,2.5
85001,3.0,4.0,3.5,3.5,5.0,5.0,3.5,3.5,3.0,3.5,4.5,3.0,3.5,3.5,4.0,1.5,2.5,4.5,4.5,3.5
85003,4.5,4.0,3.5,4.0,4.5,4.5,4.0,3.5,2.5,4.5,3.0,3.0,3.5,3.0,4.5,3.0,3.0,4.5,4.0,4.0
85004,3.5,4.0,4.0,3.5,4.0,4.0,4.0,3.5,3.5,3.5,4.5,3.5,4.0,3.0,5.0,3.5,3.5,4.5,4.0,3.5
85005,0.0,0.0,0.0,0.0,0.0,0.0,0.0,0.0,0.0,0.0,4.5,0.0,0.0,0.0,0.0,0.0,3.0,0.0,3.5,0.0
85006,5.0,4.5,4.5,4.5,4.5,4.5,4.5,4.0,2.5,4.0,4.5,3.0,4.0,3.5,4.0,5.0,2.5,5.0,4.0,4.5
85007,4.0,3.0,4.5,4.0,4.5,4.5,3.5,4.5,3.0,3.5,3.0,3.0,3.5,3.5,4.0,4.5,4.0,4.0,4.0,4.5
85008,4.0,4.0,4.0,3.5,4.0,4.0,3.5,3.5,2.0,3.5,3.5,3.0,3.5,4.0,4.0,3.0,4.0,5.0,3.5,4.0
85009,4.0,4.0,4.0,3.5,4.5,3.5,4.5,3.5,1.5,2.5,4.0,3.0,4.5,3.0,3.5,5.0,2.5,4.0,4.0,4.0
85012,4.0,4.5,4.0,4.0,4.5,4.5,3.5,4.5,3.0,4.0,3.5,3.0,4.0,3.5,4.5,4.0,3.5,4.5,4.0,4.0
85013,3.0,4.0,4.5,4.0,4.0,3.0,5.0,4.0,3.5,3.5,4.5,2.5,3.5,4.5,4.0,4.5,2.5,4.0,4.0,4.0
85014,4.5,4.5,3.5,4.0,4.5,4.5,5.0,3.5,3.5,4.5,4.0,4.0,4.5,4.0,4.5,4.0,3.0,4.0,4.0,4.5
85015,3.5,3.5,4.0,4.0,3.5,4.5,3.5,3.0,3.0,3.5,4.0,2.0,4.0,3.0,3.5,4.0,3.5,4.5,4.0,3.5
85016,4.0,4.0,3.5,4.0,4.0,3.5,3.5,3.5,3.0,4.0,4.0,3.5,4.0,3.5,4.5,3.5,2.5,5.0,4.0,4.0
85017,3.5,4.0,4.0,3.5,3.5,3.0,5.0,3.0,3.5,3.5,3.0,2.0,3.0,3.0,4.0,2.5,3.0,3.5,3.5,3.5
85018,4.5,4.0,4.0,4.0,4.5,4.5,4.0,3.5,2.5,4.0,4.0,3.0,4.0,3.0,4.0,4.5,3.0,4.0,4.0,4.0
85019,1.0,3.5,3.5,3.5,4.0,3.5,5.0,3.5,3.5,3.5,5.0,3.0,3.0,3.0,4.5,4.0,2.5,4.5,4.0,4.0
85020,4.0,4.0,4.5,4.0,4.0,3.5,3.5,4.0,3.5,4.0,4.0,3.0,4.5,4.0,4.0,4.5,2.5,4.0,4.0,4.0
85021,3.5,4.0,4.0,3.0,3.5,3.0,4.0,4.0,3.5,3.5,3.5,3.0,4.0,4.5,4.0,3.5,2.5,4.0,4.0,4.0
85022,4.0,4.5,4.0,3.5,3.5,4.0,5.0,4.0,2.5,4.5,4.0,4.0,4.0,3.0,4.0,3.0,4.5,4.0,3.5,3.5
85023,3.0,4.5,3.5,3.5,4.5,3.5,5.0,2.5,5.0,3.5,4.0,2.5,3.0,2.5,4.0,2.0,3.0,3.0,4.0,3.5
85024,4.0,4.5,4.0,3.5,4.0,4.0,4.5,4.0,4.0,4.0,4.0,5.0,4.0,4.0,4.5,4.5,5.0,4.0,3.5,3.5
85025,3.0,4.5,1.5,3.0,5.0,4.5,3.5,3.0,2.0,2.0,4.5,3.0,3.0,2.5,3.0,5.0,4.0,0.0,3.0,3.0
85026,4.0,4.0,3.5,3.5,3.5,3.5,4.0,3.5,3.5,3.0,1.5,3.5,3.5,3.5,4.0,3.0,4.5,0.0,3.5,3.5
85027,4.0,3.5,4.0,3.5,3.5,3.0,4.0,3.0,2.5,3.0,4.5,4.0,4.0,3.0,4.0,1.5,3.0,3.5,3.5,4.0
85028,3.5,4.5,3.5,4.0,4.0,4.5,4.5,3.5,4.5,4.0,4.5,5.0,4.5,5.0,3.5,3.5,2.5,4.0,4.0,4.0
85029,4.0,3.5,3.5,3.5,4.0,3.5,4.5,3.5,2.5,3.0,3.5,3.0,3.5,4.0,4.0,4.5,1.0,4.0,4.0,4.0
85030,5.0,3.5,2.0,3.0,4.5,5.0,5.0,0.0,3.5,0.0,3.5,0.0,4.5,4.5,5.0,1.0,0.0,0.0,4.0,3.5
85031,3.5,4.0,4.0,3.0,4.0,4.0,4.0,2.5,1.5,2.0,3.0,3.5,1.5,3.0,4.0,2.0,1.0,4.0,3.5,3.5
85032,4.0,4.5,4.0,3.5,4.0,4.5,4.5,3.5,3.5,3.5,4.0,4.0,4.0,3.5,4.5,3.5,3.0,4.0,3.5,4.0
85033,3.0,3.5,4.0,3.0,3.5,3.5,3.5,2.5,2.5,3.0,4.5,3.5,4.0,3.5,3.5,2.5,3.5,3.5,3.5,3.0
85034,4.5,4.0,4.0,3.0,3.5,3.5,3.5,2.5,1.0,4.0,4.0,2.5,2.0,3.5,4.0,2.5,2.0,3.5,3.5,3.5
85035,4.5,4.0,3.0,2.5,3.0,3.5,2.5,2.0,2.5,4.0,2.5,2.5,2.5,3.5,4.0,1.5,2.5,3.5,3.5,3.5
85036,4.5,3.5,3.5,3.5,4.0,0.0,5.0,0.0,0.0,0.0,3.5,2.5,4.0,3.0,4.5,0.0,0.0,0.0,3.0,4.5
85037,3.0,4.0,3.0,2.5,3.5,4.0,3.5,2.5,3.0,3.5,3.5,4.5,5.0,2.0,4.0,2.5,3.0,4.0,4.0,3.5
85038,4.0,2.5,1.0,0.0,3.5,0.0,0.0,3.5,5.0,1.5,3.5,0.0,4.5,0.0,0.0,0.0,2.5,0.0,3.5,3.0
85040,5.0,4.0,3.5,2.0,4.0,3.5,4.0,3.5,3.0,4.0,3.5,4.0,4.0,3.0,4.5,5.0,2.5,3.5,4.0,4.0
85041,3.5,4.0,4.5,3.5,3.0,4.0,4.5,2.5,3.0,3.0,4.5,3.0,3.0,3.5,4.5,5.0,3.5,4.0,3.5,3.5
85042,4.0,4.0,3.5,3.0,3.0,4.0,3.0,3.0,2.5,3.0,4.5,3.5,3.5,3.0,4.0,2.0,3.5,3.5,3.5,3.0
85043,4.0,4.0,3.0,3.0,3.0,3.5,4.0,1.5,3.0,3.5,3.5,2.5,4.0,3.0,5.0,3.0,3.0,4.5,3.5,2.5
85044,3.5,3.0,3.0,3.5,4.0,4.0,4.5,3.5,3.5,4.0,3.5,3.0,4.0,1.5,4.0,3.5,1.5,4.5,3.5,3.5
85045,3.5,4.0,3.5,3.5,4.0,4.0,3.5,3.0,3.5,5.0,3.5,3.0,4.5,3.5,3.5,3.5,3.0,0.0,3.5,4.0
85046,4.0,4.0,3.0,3.0,4.0,4.0,5.0,3.5,0.0,3.0,4.0,4.0,3.5,0.0,5.0,3.5,3.5,0.0,3.5,4.0
85048,3.5,4.5,3.0,3.5,4.0,4.5,5.0,3.5,4.5,3.5,4.0,3.5,4.0,2.5,4.5,4.5,3.0,4.0,3.5,3.5
85050,4.0,4.0,3.0,3.5,3.5,3.5,3.5,3.5,3.0,4.0,4.5,4.5,3.5,2.5,4.0,3.0,2.0,5.0,3.5,3.5
85051,4.0,3.5,3.5,3.0,4.0,3.5,4.0,3.0,2.0,4.0,4.0,2.5,4.0,4.0,4.0,2.0,4.0,4.5,4.0,3.0
85053,4.0,4.0,4.0,3.5,4.0,3.5,4.5,3.0,3.5,4.0,4.5,3.0,4.5,3.0,4.5,3.0,2.5,4.5,3.5,3.5
85054,4.0,3.5,4.5,3.5,4.0,4.0,4.0,3.5,3.0,4.0,4.5,4.0,3.5,4.0,3.0,2.5,3.0,4.0,3.5,3.5
85058,0.0,0.0,0.0,0.0,0.0,0.0,0.0,0.0,0.0,0.0,0.0,0.0,0.0,0.0,0.0,0.0,0.0,0.0,4.0,0.0
85060,4.0,4.5,3.5,4.0,4.0,3.0,3.0,0.0,3.5,4.0,4.0,3.0,5.0,4.5,4.5,3.0,3.5,0.0,3.5,4.0
85061,0.0,3.5,0.0,0.0,0.0,0.0,2.5,0.0,0.0,0.0,2.5,0.0,0.0,0.0,3.0,0.0,0.0,0.0,2.5,0.0
85063,0.0,3.5,0.0,0.0,0.0,0.0,2.5,0.0,0.0,0.0,5.0,0.0,0.0,0.0,3.0,0.0,0.0,0.0,2.5,0.0
85064,3.5,3.5,0.0,4.0,5.0,4.5,0.0,4.5,0.0,0.0,4.5,3.0,5.0,4.0,0.0,1.5,3.0,0.0,3.0,2.0
85066,3.5,4.5,2.0,0.0,2.5,0.0,5.0,0.0,0.0,0.0,4.0,4.5,4.5,4.5,4.0,0.0,0.0,0.0,4.0,2.5
85067,3.5,4.0,3.0,3.5,3.5,4.0,4.0,4.0,0.0,4.0,3.5,3.0,4.0,4.0,4.5,4.5,3.5,0.0,3.5,4.0
85068,4.5,0.0,0.0,0.0,0.0,0.0,0.0,0.0,0.0,0.0,5.0,2.0,0.0,0.0,0.0,0.0,0.0,0.0,2.5,4.5
85069,0.0,3.5,0.0,0.0,0.0,0.0,2.5,0.0,0.0,0.0,4.5,0.0,0.0,0.0,3.0,0.0,0.0,0.0,2.5,0.0
85070,0.0,3.5,0.0,0.0,0.0,0.0,2.5,0.0,0.0,0.0,4.5,0.0,0.0,0.0,3.0,0.0,0.0,0.0,2.5,0.0
85072,3.5,4.0,2.5,3.5,1.0,4.0,5.0,4.0,5.0,1.0,4.0,2.0,3.0,5.0,4.5,0.0,3.5,0.0,3.5,3.5
85073,3.5,4.0,3.0,3.0,3.5,3.5,5.0,3.5,3.0,3.5,3.5,3.0,3.5,3.5,4.5,2.5,3.0,5.0,3.5,3.5
85075,4.0,4.5,2.0,3.5,3.5,3.0,4.5,2.0,3.0,2.5,4.0,3.5,4.0,3.5,4.0,5.0,3.5,5.0,3.5,4.0
85076,4.0,4.0,3.0,3.0,4.0,4.0,5.0,3.5,0.0,3.0,4.0,4.0,3.5,0.0,4.5,3.5,3.5,0.0,3.5,4.0
85078,4.0,4.5,3.5,3.5,3.5,4.0,3.5,2.5,5.0,4.0,1.5,5.0,3.5,2.5,4.0,0.0,4.0,0.0,3.5,4.0
85080,3.5,4.0,3.0,3.5,4.0,3.5,4.0,3.0,3.0,1.0,5.0,3.0,1.5,4.0,5.0,4.0,3.0,4.0,3.5,4.0
85082,0.0,3.5,0.0,0.0,0.0,0.0,2.5,0.0,0.0,0.0,4.5,0.0,0.0,0.0,3.0,0.0,0.0,0.0,2.5,0.0
85083,4.5,4.0,4.0,3.5,3.5,3.5,3.5,3.0,3.0,4.5,4.5,3.0,5.0,4.0,5.0,5.0,2.5,4.0,3.0,5.0
85085,4.5,4.0,3.0,3.0,4.0,4.5,5.0,3.5,3.5,4.0,4.5,4.5,4.0,3.5,4.5,3.5,4.5,4.0,3.5,3.5
85086,4.0,4.0,3.5,3.0,3.5,4.5,4.5,3.5,3.5,3.5,4.5,4.5,3.5,5.0,4.0,4.5,3.5,5.0,3.5,3.5
85087,3.5,4.0,5.0,4.5,3.5,3.0,5.0,3.0,3.0,3.5,4.5,3.5,5.0,3.5,4.5,2.0,3.0,4.0,3.5,3.0
85106,0.0,3.5,0.0,0.0,0.0,0.0,2.5,0.0,0.0,0.0,4.0,0.0,0.0,0.0,3.0,0.0,0.0,0.0,2.5,0.0
85117,0.0,3.5,0.0,0.0,0.0,0.0,2.5,0.0,0.0,0.0,4.5,0.0,0.0,0.0,3.0,0.0,0.0,0.0,2.5,0.0
85118,4.0,4.0,3.5,3.5,4.0,3.5,3.5,3.0,3.5,4.0,3.5,2.5,3.5,3.0,3.5,2.0,3.5,4.5,4.0,3.5
85119,4.5,4.0,4.5,3.5,4.5,4.0,4.5,3.0,3.0,5.0,4.0,3.5,2.0,3.5,5.0,2.5,3.0,4.0,3.5,3.5
85120,4.5,2.0,3.5,4.0,3.0,3.5,4.0,3.0,5.0,4.0,4.0,3.0,3.5,3.0,4.0,3.0,3.0,4.0,3.5,4.0
85122,4.0,4.0,4.0,3.5,3.5,3.5,3.0,2.5,5.0,3.5,3.5,3.0,4.0,3.0,4.0,3.0,3.0,3.5,4.0,3.5
85128,4.0,4.5,4.5,3.5,4.0,3.5,3.5,2.0,2.5,1.5,3.0,3.0,3.5,4.0,3.0,3.5,3.0,0.0,3.5,3.5
85130,3.5,4.0,3.5,3.5,4.0,4.0,4.0,3.5,2.5,3.5,4.0,3.5,3.5,3.5,4.0,5.0,3.0,4.0,3.5,3.5
85132,4.0,4.0,5.0,3.5,3.5,3.5,4.0,3.0,5.0,2.5,4.0,4.0,3.5,3.5,5.0,2.5,3.0,3.5,3.5,3.5
85138,4.0,4.0,4.0,2.5,3.5,1.5,3.0,2.0,3.5,4.0,4.5,3.0,4.5,3.5,5.0,2.5,3.0,4.0,3.5,4.0
85139,3.5,4.0,4.0,3.5,3.5,5.0,3.0,3.5,1.5,3.0,3.0,3.0,4.0,3.5,2.5,4.0,3.5,5.0,3.5,4.0
85140,3.5,4.5,3.5,3.5,4.0,4.0,5.0,3.0,3.0,3.5,4.0,3.0,4.0,3.5,3.5,3.0,3.0,4.0,3.5,3.0
85142,3.5,3.5,4.0,3.5,4.0,3.5,5.0,3.0,4.0,4.0,4.5,4.0,4.0,4.5,4.0,3.5,2.0,4.5,4.0,4.0
85143,2.5,4.0,4.0,2.5,3.0,4.0,5.0,2.5,3.0,4.0,4.0,3.0,4.5,3.5,4.5,3.0,3.0,4.5,3.5,3.5
85152,3.5,3.5,3.0,3.5,4.0,4.5,3.5,3.5,4.5,5.0,3.5,4.0,4.0,3.0,4.5,3.0,3.0,0.0,3.5,3.5
85190,0.0,0.0,0.0,0.0,0.0,0.0,0.0,0.0,0.0,0.0,0.0,0.0,0.0,0.0,0.0,0.0,0.0,0.0,3.5,0.0
85193,3.5,4.0,3.0,3.5,3.5,4.0,4.0,4.0,0.0,4.0,3.5,3.5,4.0,4.0,4.5,4.5,3.5,0.0,3.5,4.0
85194,3.5,4.0,3.5,3.5,3.5,3.5,4.0,3.0,3.0,5.0,3.5,3.0,4.0,3.0,3.5,2.5,2.5,5.0,4.0,3.5
85201,3.5,4.0,4.0,3.5,4.0,4.0,4.0,3.0,2.0,3.0,4.0,3.0,4.0,3.5,4.0,3.5,3.5,4.5,3.5,4.0
85202,3.5,4.0,4.0,3.5,4.0,3.5,5.0,4.0,3.0,3.5,3.5,2.0,4.0,4.5,4.5,5.0,2.5,4.0,4.0,4.0
85203,4.0,4.0,4.5,4.0,4.0,4.0,5.0,2.5,4.0,3.5,4.5,2.5,4.0,2.5,4.5,5.0,3.0,5.0,4.0,3.5
85204,3.5,4.0,4.0,3.0,4.0,5.0,3.0,2.5,3.0,3.5,3.5,2.5,4.0,3.5,4.0,3.5,2.0,4.0,3.5,3.5
85205,3.5,5.0,4.0,3.5,4.0,4.5,5.0,1.0,3.5,4.0,4.5,1.5,3.5,4.0,4.0,3.0,4.0,4.0,3.5,4.0
85206,3.5,4.0,3.0,3.0,3.5,2.5,3.0,3.0,4.0,3.5,3.5,3.0,4.0,3.5,4.0,3.5,2.5,4.5,3.5,3.5
85207,4.0,4.0,4.5,3.5,4.5,3.5,4.5,3.0,3.0,3.0,4.5,4.5,3.5,3.5,3.5,5.0,2.5,4.0,4.0,4.0
85208,3.5,4.0,3.5,3.5,3.0,3.5,3.5,2.0,5.0,3.5,4.0,3.5,3.0,3.5,4.0,3.5,3.0,4.0,3.0,3.5
85209,3.5,3.5,3.0,3.5,4.0,3.5,4.0,3.0,3.5,4.0,3.5,4.0,4.0,3.5,4.5,3.0,3.0,4.5,3.5,3.5
85210,4.5,4.0,4.0,3.5,4.0,4.0,3.5,3.0,3.0,3.5,3.5,3.0,4.5,3.5,4.5,4.0,3.0,4.0,4.0,3.5
85211,0.0,4.5,0.0,0.0,3.5,0.0,0.0,0.0,0.0,0.0,5.0,0.0,0.0,0.0,0.0,0.0,0.0,0.0,0.0,0.0
85212,4.0,4.0,3.5,3.0,4.0,4.5,4.5,3.5,3.0,3.0,4.5,2.5,4.0,3.0,3.5,5.0,3.0,3.0,4.0,3.5
85213,4.5,4.5,3.0,2.5,4.0,5.0,4.0,3.5,4.5,4.0,4.5,4.0,4.0,3.0,4.5,3.0,1.5,4.5,3.5,3.5
85215,4.0,4.5,4.5,3.5,4.0,4.5,4.5,3.0,3.0,3.5,4.0,4.0,4.0,3.0,3.5,5.0,2.5,4.5,3.5,4.0
85216,0.0,3.5,0.0,0.0,0.0,0.0,2.5,0.0,0.0,0.0,3.0,0.0,0.0,0.0,3.0,0.0,0.0,0.0,2.5,0.0
85218,4.5,4.0,3.5,3.5,4.5,4.0,3.5,3.0,3.5,3.0,3.5,3.0,3.5,3.0,4.0,2.5,3.0,4.5,3.0,3.0
85219,5.0,4.5,3.5,3.5,3.5,3.0,3.5,3.0,2.5,3.5,4.0,1.5,3.5,3.0,3.5,2.5,3.5,3.5,3.5,3.5
85220,3.5,4.0,3.5,2.5,4.0,3.5,3.5,2.5,3.0,3.0,5.0,3.5,3.5,2.5,4.5,2.0,3.0,3.5,3.0,3.0
85222,3.5,4.0,5.0,4.0,3.5,3.5,3.0,3.0,3.0,3.0,3.5,3.0,3.0,3.5,3.5,3.0,3.0,3.5,3.5,3.5
85224,4.0,4.0,3.5,3.5,4.0,4.0,3.5,3.0,3.5,3.5,4.0,4.0,4.0,4.0,3.5,3.0,3.0,3.5,4.0,4.0
85225,3.5,4.0,4.0,4.0,4.0,4.5,4.5,3.0,4.0,4.0,4.0,2.5,4.5,4.0,4.5,5.0,4.0,4.5,3.5,4.0
85226,4.0,3.5,3.5,3.5,4.0,4.5,3.5,3.5,4.0,4.0,4.0,3.5,4.0,3.0,4.5,3.5,3.5,4.5,3.5,3.5
85228,4.5,4.5,0.0,3.0,4.0,4.5,5.0,0.0,0.0,1.0,4.0,0.0,4.0,0.0,3.5,0.0,3.5,0.0,3.5,0.0
85232,1.5,4.5,3.5,3.5,4.0,4.0,3.5,3.5,2.5,4.0,4.0,2.0,3.5,3.5,4.0,3.0,3.5,5.0,4.0,3.5
85233,3.5,4.5,4.0,3.5,4.0,4.5,4.5,3.5,3.5,4.0,4.0,2.5,4.0,4.5,3.5,5.0,5.0,4.5,4.0,4.0
85234,4.5,4.0,3.5,4.5,4.0,4.0,4.5,3.5,4.5,4.0,4.0,5.0,4.0,2.5,4.0,4.0,4.0,4.5,4.0,4.0
85236,4.0,4.0,3.5,3.0,3.5,4.0,3.5,3.0,3.0,1.0,4.5,3.0,3.5,3.5,4.5,2.5,4.0,4.0,2.0,3.5
85237,3.5,4.5,4.5,3.5,4.0,0.0,5.0,3.5,1.0,3.0,3.5,3.0,4.5,1.5,4.5,0.0,3.5,0.0,3.5,3.5
85238,4.0,4.5,3.0,3.5,3.5,3.0,4.5,2.0,3.0,2.5,4.0,3.5,4.0,3.5,4.0,5.0,3.5,5.0,3.5,4.0
85239,3.5,4.0,2.5,3.5,3.5,4.0,3.5,3.0,3.0,1.5,3.5,3.5,3.0,3.5,3.0,3.5,4.0,4.5,3.0,3.0
85240,3.5,4.0,3.5,3.5,4.0,3.0,4.5,3.5,3.5,4.5,3.5,3.0,4.0,3.0,4.0,2.0,3.5,0.0,3.5,2.0
85242,3.5,4.5,2.5,3.0,3.5,4.0,4.5,3.5,2.5,3.5,3.5,3.0,2.5,3.5,4.0,2.5,3.0,4.0,3.5,4.0
85243,2.5,4.0,3.5,3.5,3.0,4.0,3.5,3.0,4.0,5.0,3.5,2.5,4.0,3.0,4.5,2.5,1.5,4.5,3.0,3.0
85244,0.0,0.0,0.0,0.0,0.0,0.0,0.0,0.0,0.0,1.0,4.5,0.0,2.0,0.0,3.0,4.0,0.0,0.0,0.0,4.0
85246,0.0,0.0,2.0,3.5,0.0,0.0,0.0,0.0,0.0,1.0,5.0,0.0,3.0,0.0,5.0,4.0,0.0,0.0,0.0,4.0
85248,4.0,2.5,3.5,3.5,3.5,3.5,4.5,3.5,3.0,4.0,4.0,3.5,4.0,2.5,4.0,4.0,3.0,4.0,3.5,4.0
85249,4.0,4.5,4.0,3.5,3.5,5.0,4.0,4.5,3.5,4.0,4.0,3.0,4.5,3.5,4.5,5.0,3.0,4.0,3.5,4.0
85250,4.0,4.0,3.5,3.5,4.0,4.0,4.0,4.0,2.5,4.0,4.0,3.5,4.0,4.0,4.5,4.5,3.0,4.0,3.5,4.0
85251,4.5,4.0,4.0,4.0,4.5,4.5,4.5,3.5,4.0,4.0,4.0,4.0,4.0,3.5,4.0,3.5,4.5,4.0,4.0,4.0
85252,4.0,3.5,3.5,3.5,4.0,4.0,4.0,3.5,3.5,3.5,4.0,4.0,4.0,4.0,4.0,5.0,3.0,4.5,3.5,3.5
85253,4.5,4.5,4.0,3.5,4.0,4.0,4.0,4.0,3.5,4.5,4.0,4.0,4.0,3.0,4.5,1.5,2.5,4.0,4.0,4.0
85254,4.0,4.0,3.5,3.5,4.0,4.5,4.0,3.5,3.5,4.5,4.5,4.0,4.0,3.0,4.5,3.0,4.0,4.5,4.0,4.0
85255,4.5,4.5,3.5,3.5,4.0,4.0,4.0,4.0,4.0,4.0,4.0,3.5,4.0,4.0,4.5,4.0,4.0,5.0,3.5,3.5
85256,3.5,4.0,4.0,3.5,3.5,4.0,3.5,4.0,3.0,3.5,2.0,3.0,4.0,3.5,4.0,3.0,3.5,4.0,4.0,4.5
85257,4.0,4.5,3.5,3.5,4.0,1.0,5.0,3.0,3.5,3.5,4.5,3.0,4.0,3.0,4.5,5.0,3.5,4.5,4.0,4.0
85258,4.0,2.5,3.5,4.0,4.5,4.5,4.5,4.5,3.5,4.0,4.5,3.5,4.0,2.5,4.0,4.5,3.5,5.0,4.0,4.0
85259,4.0,4.0,3.0,4.0,4.0,4.5,4.5,3.5,2.5,4.5,4.0,4.5,4.0,2.5,5.0,4.5,3.5,5.0,4.0,4.0
85260,4.0,3.5,4.0,3.5,4.0,4.5,4.5,3.5,3.5,4.0,4.0,3.5,4.0,3.0,4.5,4.0,3.0,4.5,3.5,3.5
85261,4.5,4.5,0.0,0.0,4.5,0.0,3.0,0.0,0.0,0.0,5.0,0.0,5.0,0.0,5.0,0.0,0.0,0.0,1.5,3.5
85262,4.5,4.0,3.5,3.5,4.0,4.0,4.5,4.0,5.0,5.0,5.0,4.5,4.5,3.0,5.0,3.0,5.0,4.0,3.5,4.0
85263,4.0,3.5,2.5,3.5,4.0,4.0,3.5,4.5,0.0,4.0,3.0,5.0,3.5,0.0,0.0,0.0,3.5,0.0,4.0,3.0
85264,4.0,4.0,3.5,2.5,4.0,4.0,4.0,3.5,3.5,3.5,3.5,3.5,3.5,4.5,4.0,4.0,3.0,4.0,3.0,3.5
85265,3.0,4.5,3.0,3.0,4.5,4.5,3.5,4.0,2.0,2.5,4.5,2.5,3.0,2.5,4.5,5.0,4.0,0.0,3.0,3.0
85266,3.5,4.0,3.5,3.5,4.5,3.5,4.0,4.5,3.5,5.0,5.0,3.5,4.0,3.5,4.5,4.5,3.0,4.0,3.5,4.0
85267,3.5,5.0,3.5,3.5,4.0,4.0,3.5,4.0,3.0,4.0,4.5,5.0,4.0,3.5,4.5,5.0,3.0,0.0,4.0,3.5
85268,4.5,4.0,4.0,4.0,4.0,3.5,4.0,3.5,4.5,4.0,4.0,3.0,4.0,5.0,4.5,5.0,3.5,4.0,3.5,3.5
85269,5.0,3.5,3.0,3.5,3.5,4.0,4.5,3.0,5.0,4.0,5.0,2.5,4.0,2.5,4.5,3.0,3.0,0.0,3.5,4.5
85271,3.5,4.5,4.0,0.0,0.0,0.0,4.0,0.0,0.0,5.0,3.5,5.0,4.5,0.0,4.0,5.0,3.0,0.0,3.5,4.5
85272,3.5,4.0,3.0,3.5,3.5,4.0,4.0,4.0,0.0,4.0,3.5,4.0,4.0,4.0,4.5,4.5,3.5,0.0,3.5,4.0
85275,0.0,3.5,0.0,0.0,0.0,0.0,2.5,0.0,0.0,0.0,4.0,0.0,0.0,0.0,3.0,0.0,0.0,0.0,2.5,0.0
85277,3.5,4.5,2.0,0.0,2.5,0.0,5.0,0.0,0.0,0.0,4.0,4.5,4.5,4.5,4.0,0.0,0.0,0.0,4.0,2.5
85278,4.5,4.5,4.5,3.5,4.0,0.0,5.0,3.5,1.0,3.0,3.5,3.0,4.5,1.5,4.5,0.0,3.5,0.0,3.5,3.5
85280,3.5,3.5,3.5,3.5,5.0,1.5,4.0,3.0,3.5,4.0,5.0,2.5,5.0,3.0,4.5,2.5,3.5,0.0,1.5,2.5
85281,4.0,4.0,4.0,3.5,4.0,3.5,4.5,4.0,3.0,3.0,4.0,3.0,4.0,3.0,4.0,3.5,3.0,5.0,3.5,4.0
85282,3.5,3.0,4.0,3.5,4.0,4.5,3.5,3.0,3.5,4.0,4.0,3.5,4.0,3.5,4.0,3.5,4.0,4.0,4.0,3.5
85283,4.0,4.5,3.5,3.5,4.5,5.0,4.0,4.0,4.0,4.0,4.0,3.5,4.5,4.0,4.5,5.0,2.5,4.5,3.5,4.0
85284,4.0,4.0,3.5,3.5,4.0,4.5,4.0,3.5,3.5,4.0,4.5,3.5,4.0,3.0,4.5,4.0,2.5,5.0,3.5,3.5
85285,3.5,4.0,3.5,3.5,4.5,4.0,5.0,3.0,3.0,3.5,5.0,3.0,5.0,4.0,5.0,1.0,3.0,4.5,3.5,4.0
85286,4.0,4.0,3.0,3.5,4.0,3.5,4.0,3.0,2.0,4.0,4.0,4.0,4.0,3.5,4.0,3.5,2.5,4.5,3.5,3.5
85287,4.0,3.5,4.0,3.5,5.0,5.0,4.0,3.0,3.5,3.5,4.0,3.0,4.0,4.0,4.0,3.0,3.5,4.0,4.0,2.0
85290,0.0,0.0,0.0,0.0,0.0,0.0,0.0,0.0,0.0,0.0,0.0,0.0,0.0,0.0,0.0,0.0,0.0,0.0,3.5,0.0
85294,3.5,4.0,3.5,3.0,3.5,4.0,4.5,4.0,2.0,2.5,2.5,3.0,3.5,4.0,4.0,2.5,2.5,0.0,3.5,2.0
85295,3.5,3.5,3.5,4.0,4.0,4.0,4.5,3.5,3.0,3.5,4.5,3.0,4.0,3.5,4.0,3.0,3.0,3.5,3.5,4.0
85296,3.5,4.0,3.5,3.0,4.0,5.0,4.0,3.0,3.0,3.5,4.5,4.5,4.0,5.0,4.5,5.0,2.0,4.5,3.5,3.5
85297,4.0,4.5,3.0,2.5,4.0,4.5,5.0,3.5,3.5,3.5,4.0,4.0,4.0,3.0,4.0,3.5,3.0,4.5,3.0,3.0
85298,4.0,3.5,4.0,3.5,4.0,5.0,5.0,3.0,3.0,4.0,4.5,3.0,4.5,3.0,4.5,3.0,3.0,4.0,3.5,3.5
85299,4.5,4.5,3.5,3.0,4.0,3.0,4.0,3.0,0.0,4.0,4.5,3.0,5.0,1.5,4.5,0.0,3.5,0.0,3.0,4.0
85301,4.5,4.0,4.0,4.0,4.0,4.0,4.5,3.5,2.0,4.0,4.0,3.5,3.5,3.5,4.0,1.5,3.0,4.0,4.0,3.5
85302,4.0,5.0,3.5,3.0,4.0,3.5,5.0,3.0,3.5,4.0,4.0,3.0,4.0,3.0,2.5,3.0,3.5,4.0,3.5,3.5
85303,3.0,2.5,3.5,4.0,4.0,3.5,3.5,3.5,3.0,4.5,4.0,3.5,5.0,3.0,4.0,2.0,3.0,0.0,2.5,3.5
85304,3.5,5.0,4.5,4.0,4.5,4.0,5.0,3.0,5.0,3.5,4.5,2.5,3.5,4.0,4.5,2.0,3.0,4.0,4.0,4.0
85305,3.5,3.5,2.0,3.0,4.0,2.5,4.0,3.0,3.0,3.0,4.0,4.0,3.5,2.5,3.0,3.0,3.0,4.0,3.5,3.5
85306,4.0,4.5,4.0,4.0,4.0,4.0,5.0,3.5,2.0,3.0,4.0,4.5,4.0,3.0,4.0,3.0,3.0,4.5,4.0,4.0
85307,4.5,4.0,4.5,3.5,3.5,4.0,3.5,3.0,3.0,5.0,4.0,5.0,3.5,3.0,4.5,2.5,3.5,4.0,3.0,4.0
85308,4.0,4.0,3.0,3.0,4.0,4.0,3.5,3.0,3.0,3.5,4.0,2.5,4.0,2.5,4.0,3.5,4.0,4.0,3.5,3.5
85309,4.0,4.0,3.5,3.5,4.0,4.0,4.0,4.0,3.0,3.0,3.0,3.5,3.5,3.5,4.0,3.5,4.0,0.0,3.5,3.5
85310,3.5,4.5,2.0,3.5,4.0,5.0,5.0,5.0,3.5,3.5,4.5,4.0,4.0,3.5,4.5,5.0,3.5,4.5,3.5,4.0
85311,4.5,4.0,3.5,2.5,4.0,4.0,4.0,3.0,2.5,3.5,4.5,3.0,3.5,3.5,5.0,2.5,3.5,4.0,3.5,3.5
85312,5.0,5.0,1.0,4.0,3.5,4.0,0.0,3.5,0.0,1.5,4.5,0.0,0.0,0.0,0.0,0.0,3.5,0.0,3.5,2.5
85318,4.5,4.5,0.0,0.0,4.5,0.0,3.0,0.0,0.0,0.0,4.5,0.0,4.5,0.0,0.0,0.0,0.0,0.0,1.5,3.5
85321,4.5,4.0,4.5,3.0,3.5,0.0,4.5,0.0,0.0,3.5,4.0,2.0,4.5,3.0,5.0,0.0,0.0,0.0,3.5,5.0
85322,0.0,4.0,0.0,3.5,0.0,0.0,0.0,0.0,0.0,0.0,3.5,0.0,0.0,0.0,0.0,0.0,0.0,0.0,4.0,0.0
85323,4.0,4.0,3.5,4.5,3.5,3.0,5.0,3.0,5.0,4.0,3.0,4.0,3.5,3.0,3.5,5.0,3.5,4.5,3.5,3.5
85324,0.0,3.5,3.0,0.0,4.0,0.0,0.0,0.0,0.0,0.0,0.0,3.5,0.0,3.0,0.0,0.0,0.0,0.0,3.0,3.0
85326,3.5,4.0,4.0,2.5,3.5,3.5,4.5,2.5,4.0,3.5,3.5,2.5,4.0,3.5,4.5,3.0,3.0,4.0,3.5,3.5
85327,5.0,4.5,4.5,3.5,0.0,0.0,5.0,4.0,1.0,0.0,1.0,0.0,4.0,1.5,0.0,0.0,3.5,0.0,4.0,4.0
85328,4.0,3.5,3.0,3.5,4.0,4.0,4.0,4.0,0.0,5.0,4.5,4.0,2.0,2.5,4.0,0.0,3.5,0.0,3.0,3.0
85329,0.0,0.0,0.0,3.5,0.0,0.0,0.0,0.0,0.0,0.0,4.0,0.0,0.0,0.0,0.0,0.0,3.0,0.0,3.5,0.0
85331,4.0,4.0,3.5,4.0,4.0,4.5,3.5,4.0,3.5,5.0,4.5,3.5,3.5,3.5,4.5,5.0,4.0,4.5,3.5,4.0
85335,4.0,4.0,4.0,4.0,4.0,3.5,3.5,2.0,3.0,2.0,4.5,3.0,3.5,3.0,3.0,2.5,3.5,4.0,3.5,2.5
85337,3.5,4.0,4.0,3.5,4.0,4.5,4.5,3.0,2.0,3.0,3.0,3.0,3.0,3.0,4.0,3.0,3.5,3.5,3.5,3.5
85338,3.5,3.5,3.5,3.5,4.0,4.5,5.0,3.5,3.0,3.5,4.0,3.0,4.0,2.5,4.5,2.5,3.5,4.5,3.5,3.0
85339,3.0,3.0,3.0,2.5,3.5,3.5,4.0,4.0,2.0,3.0,4.5,3.5,4.5,3.0,4.0,5.0,3.0,4.0,3.0,3.0
85340,3.5,4.5,4.0,3.5,4.0,4.0,5.0,3.0,3.0,4.0,4.5,4.0,4.0,3.5,4.0,2.5,3.0,3.5,3.5,3.5
85342,4.0,4.5,4.5,3.5,4.0,3.0,4.0,0.0,2.0,2.5,3.0,1.5,3.0,0.0,3.5,0.0,3.5,0.0,3.5,4.0
85343,3.0,4.5,3.0,3.0,5.0,4.5,3.5,4.0,2.0,2.5,4.5,2.5,3.0,2.5,4.5,5.0,4.0,0.0,3.0,3.0
85345,4.0,4.5,4.0,3.5,4.0,5.0,4.0,3.0,2.0,3.0,4.0,2.5,4.0,3.5,3.5,4.0,3.5,4.0,3.5,3.5
85351,5.0,4.5,3.5,4.5,4.5,3.5,3.0,3.0,3.0,3.5,3.0,2.5,4.0,3.5,4.5,4.0,1.5,4.0,3.5,3.5
85353,3.0,4.0,3.5,3.5,4.0,4.0,1.0,3.0,2.5,2.5,5.0,2.5,2.0,4.5,4.0,1.5,3.5,4.0,3.5,2.5
85354,4.0,4.5,3.5,3.5,4.0,4.0,4.0,3.0,3.0,3.5,3.5,2.5,5.0,4.0,4.0,3.5,3.5,4.5,3.5,3.5
85355,4.0,4.0,3.5,3.5,3.5,3.5,4.0,3.0,3.5,3.5,2.0,4.5,4.5,3.0,4.0,3.0,3.5,4.0,3.5,3.5
85358,0.0,0.0,0.0,0.0,0.0,0.0,0.0,0.0,0.0,0.0,0.0,3.5,0.0,0.0,0.0,0.0,0.0,0.0,3.5,0.0
85361,4.0,3.5,1.0,4.0,3.0,0.0,0.0,0.0,1.0,1.5,0.0,3.0,0.0,3.5,0.0,0.0,3.0,5.0,3.0,3.0
85363,3.5,5.0,5.0,3.5,4.5,4.5,5.0,3.0,2.5,4.0,2.5,2.5,5.0,2.5,4.0,3.0,3.0,4.0,3.5,3.5
85370,3.5,3.5,3.0,3.5,4.0,4.5,3.5,3.5,4.5,2.5,3.5,4.0,4.0,3.0,4.5,3.0,3.0,0.0,3.5,3.5
85372,0.0,3.5,0.0,0.0,0.0,0.0,2.5,0.0,0.0,0.0,3.0,0.0,0.0,0.0,3.0,0.0,0.0,0.0,2.5,0.0
85373,3.5,2.0,2.0,3.5,4.0,3.5,4.0,3.0,3.0,5.0,4.5,3.0,5.0,2.5,4.0,3.0,3.0,3.5,3.5,2.0
85374,3.5,4.0,3.5,3.0,4.0,3.5,5.0,3.0,3.5,3.5,4.0,4.0,4.0,3.0,4.0,3.0,3.5,4.5,3.5,3.0
85375,2.5,3.5,3.0,3.5,3.5,3.5,2.0,3.0,3.0,3.5,3.5,3.0,4.0,3.0,4.0,5.0,2.5,4.5,3.5,4.0
85377,4.5,3.0,3.5,4.5,4.0,3.5,4.5,3.5,5.0,4.0,3.5,3.0,2.5,3.5,4.0,4.0,3.0,4.0,4.0,3.5
85378,4.0,4.0,4.5,3.5,4.5,4.0,4.0,4.5,4.0,3.0,4.0,4.0,5.0,3.5,4.5,4.5,2.5,4.0,3.5,4.0
85379,4.0,3.0,4.0,3.5,4.0,3.5,5.0,4.0,3.5,4.0,4.5,3.5,3.5,3.0,4.5,5.0,2.5,4.5,3.5,3.5
85380,4.0,3.5,3.0,3.5,4.0,4.0,4.0,4.0,0.0,5.0,4.5,4.0,3.5,2.5,4.0,0.0,3.5,0.0,3.0,3.0
85381,3.0,3.0,3.5,3.5,4.0,4.5,3.5,3.5,4.0,3.5,4.0,2.5,3.5,3.5,4.0,5.0,2.0,4.5,4.0,3.5
85382,4.0,4.0,3.5,3.5,4.0,4.0,4.0,3.5,4.0,4.0,4.0,3.5,4.5,3.5,4.5,2.5,4.0,4.0,3.5,3.5
85383,4.0,4.0,4.5,3.0,4.0,4.0,4.0,3.5,4.0,4.0,5.0,3.0,4.5,3.0,3.5,2.0,2.5,4.0,3.5,3.5
85385,3.5,4.0,2.0,3.5,3.5,3.5,4.5,2.5,3.0,3.0,4.0,3.5,4.5,3.0,5.0,3.0,3.5,4.5,3.5,3.5
85387,3.5,3.5,3.5,3.5,4.0,1.5,4.0,3.5,3.5,4.0,4.5,2.5,5.0,3.5,4.5,3.0,3.0,0.0,3.5,4.0
85388,3.5,4.0,4.0,3.5,3.5,5.0,5.0,3.0,5.0,3.5,4.0,3.5,4.0,3.0,4.0,3.0,3.0,5.0,3.0,3.5
85390,4.0,4.5,2.5,3.5,4.0,4.0,4.0,3.0,3.0,3.5,5.0,4.0,4.0,2.5,5.0,2.0,4.0,4.0,4.0,4.0
85391,0.0,0.0,0.0,0.0,0.0,0.0,0.0,0.0,0.0,0.0,0.0,0.0,0.0,0.0,0.0,0.0,0.0,0.0,4.0,0.0
85392,2.5,3.5,4.0,3.0,3.5,3.5,5.0,3.0,3.5,3.5,3.5,3.5,3.5,3.0,3.5,2.5,3.0,5.0,4.0,4.0
85395,3.5,4.0,2.5,3.0,4.0,4.0,4.5,3.5,4.5,3.5,3.5,3.5,4.0,3.5,3.5,3.0,3.0,4.0,3.5,4.0
85396,4.0,4.5,3.5,4.0,4.0,5.0,4.0,3.0,3.0,2.5,4.0,3.0,5.0,3.5,4.5,3.0,3.5,4.0,3.5,2.5
85541,3.5,4.0,3.5,3.5,4.0,4.0,4.0,3.0,3.5,3.5,4.0,3.5,4.0,4.5,4.0,4.0,3.5,4.5,3.5,3.5
85545,3.5,4.0,3.0,3.5,3.5,4.0,4.0,4.0,0.0,4.0,3.5,3.0,4.0,4.0,4.5,4.5,3.5,0.0,3.5,4.0
85553,3.5,3.5,3.0,3.5,3.5,3.0,5.0,3.5,3.0,4.0,3.0,3.5,4.5,3.0,4.5,4.0,4.0,0.0,4.0,4.5
85705,4.0,4.0,3.5,3.5,4.0,4.0,4.0,4.0,3.5,3.5,3.5,3.5,4.0,3.0,4.5,4.0,3.0,4.0,3.5,3.5
85821,0.0,0.0,0.0,0.0,0.0,0.0,0.0,0.0,0.0,0.0,0.0,0.0,0.0,0.0,0.0,0.0,0.0,0.0,2.5,0.0
85828,4.0,3.5,3.0,3.5,4.0,4.0,4.0,4.0,0.0,5.0,4.5,4.0,4.0,2.5,4.0,0.0,3.5,0.0,3.0,3.0
85935,5.0,3.5,1.0,4.0,3.5,4.0,3.5,3.5,0.0,1.5,4.5,5.0,0.0,0.0,0.0,0.0,2.5,0.0,3.5,2.5
86023,4.0,4.0,3.5,3.5,4.0,4.0,4.0,4.0,3.0,3.0,3.0,3.5,3.5,3.5,4.0,3.5,2.5,0.0,3.5,3.5
86336,0.0,0.0,0.0,0.0,0.0,0.0,0.0,0.0,0.0,0.0,0.0,0.0,0.0,0.0,0.0,0.0,0.0,0.0,3.5,0.0
87701,0.0,0.0,0.0,0.0,0.0,0.0,0.0,0.0,0.0,0.0,0.0,0.0,0.0,0.0,0.0,0.0,0.0,0.0,3.0,0.0
88915,5.0,3.5,1.0,4.0,3.5,4.0,3.5,3.5,0.0,1.5,4.5,5.0,0.0,0.0,0.0,0.0,2.5,0.0,3.5,2.5
89002,4.5,4.5,3.5,3.0,3.0,4.0,3.0,3.0,3.5,3.5,4.5,3.0,4.0,3.5,4.0,2.5,3.0,4.0,3.5,3.5
89005,4.5,4.5,4.0,3.5,5.0,5.0,4.0,4.5,3.0,5.0,4.0,4.5,4.0,3.0,4.0,2.5,3.0,4.0,4.0,4.5
89009,3.5,4.0,3.5,3.5,3.5,3.5,5.0,3.5,2.5,3.5,4.0,3.0,4.0,3.5,4.5,5.0,3.5,4.5,3.5,3.5
89011,4.0,4.0,4.0,3.5,4.5,5.0,4.0,1.0,3.0,4.5,3.5,3.5,5.0,3.0,4.0,4.5,3.5,4.5,4.0,4.0
89012,3.5,4.0,3.5,3.5,4.0,5.0,4.0,3.5,3.5,4.0,4.0,4.0,4.0,5.0,4.5,4.0,3.5,4.0,4.0,3.5
89014,4.0,4.0,3.5,3.5,4.0,3.5,3.5,3.0,3.5,3.5,3.5,3.5,3.5,3.5,3.5,2.5,3.0,5.0,3.5,3.5
89015,4.0,4.0,4.0,3.5,3.5,4.0,3.0,3.0,3.5,3.5,3.5,3.0,3.5,2.5,3.5,4.0,3.0,4.5,3.5,3.5
89016,0.0,3.5,0.0,0.0,0.0,0.0,2.5,0.0,0.0,0.0,5.0,0.0,0.0,0.0,3.0,0.0,0.0,0.0,2.5,0.0
89019,4.0,4.5,4.5,4.5,0.0,0.0,0.0,0.0,1.0,0.0,0.0,0.0,3.5,0.0,0.0,0.0,3.5,0.0,3.5,3.5
89030,3.5,4.0,3.5,4.0,3.5,3.0,3.0,3.5,2.0,3.0,4.0,3.0,4.0,3.0,3.0,1.0,4.5,4.0,3.5,3.5
89031,4.0,3.5,3.5,3.5,4.0,4.0,4.5,5.0,3.0,3.5,4.0,4.0,3.5,2.5,4.0,5.0,2.0,4.0,3.0,3.5
89032,4.0,3.5,3.5,3.0,3.5,4.5,4.0,2.5,3.0,3.5,4.5,4.5,3.5,4.5,4.0,3.5,3.0,3.5,3.5,3.5
89033,4.5,0.0,0.0,0.0,4.5,0.0,3.0,0.0,0.0,0.0,5.0,0.0,4.5,0.0,0.0,0.0,0.0,0.0,1.5,3.5
89039,4.5,4.0,4.5,3.0,3.5,0.0,4.5,0.0,0.0,3.5,4.0,2.0,4.5,3.0,5.0,0.0,0.0,0.0,3.5,4.0
89044,4.5,4.0,2.5,4.0,4.0,4.0,4.0,3.0,3.0,3.5,3.0,4.5,2.5,3.5,4.0,2.0,4.0,4.5,4.0,3.5
89052,4.0,4.0,3.0,3.5,4.0,4.5,4.0,4.0,4.0,3.5,4.0,4.0,4.0,4.0,4.0,4.5,2.0,4.5,4.0,4.0
89053,0.0,3.5,0.0,0.0,0.0,0.0,0.0,0.0,0.0,1.0,4.0,4.0,2.5,0.0,5.0,5.0,3.0,0.0,2.5,4.0
89074,4.0,4.0,4.0,3.0,4.5,4.0,4.5,3.5,3.5,3.5,4.0,3.5,4.0,2.5,4.0,4.0,3.0,5.0,4.0,3.5
89077,3.5,4.0,3.5,3.5,4.5,4.0,4.0,2.5,3.5,5.0,4.5,3.0,4.0,3.0,5.0,3.0,3.0,4.0,3.5,3.5
89081,4.0,3.5,4.5,3.0,3.5,3.5,5.0,2.0,5.0,4.0,3.0,3.5,4.5,1.5,4.0,4.0,2.5,4.0,3.0,3.5
89084,4.0,3.5,3.5,3.0,3.5,3.5,3.5,3.5,3.5,3.5,5.0,3.0,3.5,3.5,4.0,2.5,3.0,4.0,3.5,4.0
89085,4.0,4.0,3.5,3.0,3.5,0.0,4.0,0.0,0.0,3.5,3.5,3.5,4.5,4.5,4.5,3.5,3.5,0.0,4.0,3.0
89086,2.5,4.5,3.5,3.5,4.0,3.5,4.0,3.0,5.0,4.5,2.0,3.0,4.5,2.5,4.0,3.5,3.0,3.5,4.0,4.0
89101,4.0,4.0,4.5,4.0,4.0,4.0,3.5,4.0,2.5,4.0,4.0,3.0,4.0,4.0,4.0,4.5,3.5,4.5,4.0,3.5
89102,4.0,4.0,4.0,4.0,4.0,4.0,3.0,3.5,3.5,3.5,4.0,3.0,4.0,3.5,4.0,4.5,3.0,4.5,4.0,4.0
89103,3.5,3.5,4.0,3.5,4.0,4.5,3.0,3.5,3.5,3.5,3.5,3.0,4.0,3.5,4.0,4.0,2.5,4.0,3.5,4.0
89104,4.0,4.5,3.5,4.0,4.0,4.5,3.0,4.0,2.5,3.5,3.5,2.5,4.0,3.5,4.0,4.5,3.0,4.0,4.0,4.0
89106,3.5,4.5,4.0,3.5,4.0,3.5,4.0,4.0,4.5,3.5,3.0,2.5,4.5,3.0,4.0,1.5,3.0,4.0,3.5,3.0
89107,3.5,4.5,4.0,4.0,3.5,4.0,3.5,3.5,3.5,3.5,4.5,3.0,4.0,3.0,2.0,4.5,3.0,5.0,4.0,3.5
89108,3.5,3.5,3.5,3.0,3.5,4.5,4.0,3.5,4.0,4.0,4.0,2.5,3.5,1.5,4.0,3.5,3.0,4.5,3.5,3.5
89109,4.0,4.0,4.0,3.5,4.0,3.0,3.5,4.0,4.0,3.5,3.5,3.5,4.0,3.5,2.0,4.5,4.5,4.5,3.5,4.0
89110,4.0,4.5,3.5,3.5,3.5,3.5,4.5,2.0,2.5,3.0,3.5,3.0,3.5,4.0,4.0,3.0,3.5,4.0,3.5,3.5
89111,4.0,3.5,3.5,4.5,4.0,3.5,4.0,3.5,3.5,3.5,3.5,3.0,4.0,3.0,4.0,3.0,3.0,5.0,2.5,2.5
89112,3.5,4.0,3.5,3.5,4.0,4.0,4.0,3.5,2.5,3.5,4.0,3.5,3.5,3.5,4.0,1.0,3.0,4.0,3.5,3.5
89113,4.5,4.5,4.0,3.5,4.0,5.0,4.0,3.5,3.0,4.0,4.5,5.0,3.0,3.5,4.0,3.5,3.0,4.5,4.0,3.5
89114,0.0,0.0,0.0,0.0,0.0,0.0,0.0,0.0,0.0,0.0,0.0,0.0,0.0,0.0,0.0,0.0,0.0,0.0,4.0,0.0
89115,5.0,4.0,4.0,4.0,3.5,4.5,4.0,2.5,3.0,4.5,3.0,3.0,4.5,3.0,4.0,4.5,3.0,4.0,3.5,3.5
89116,0.0,3.5,0.0,0.0,0.0,0.0,2.5,0.0,0.0,0.0,4.5,0.0,0.0,0.0,3.0,0.0,0.0,0.0,2.5,0.0
89117,4.5,4.0,3.5,4.0,4.5,4.0,4.5,3.5,3.0,4.0,4.0,3.5,4.0,3.5,4.0,3.5,4.0,4.0,4.0,4.0
89118,4.0,4.0,4.5,3.5,4.0,4.5,4.5,4.0,3.5,3.5,4.0,3.0,4.0,3.5,4.0,4.0,3.5,4.0,4.0,4.5
89119,4.0,4.0,4.0,3.5,4.0,4.5,4.0,3.5,3.0,4.0,3.5,3.0,4.0,3.5,4.0,2.5,4.0,4.5,3.5,3.5
89120,4.5,4.0,4.0,3.5,4.5,4.5,5.0,4.0,2.0,4.5,4.0,4.0,4.0,4.5,3.5,3.0,4.0,3.5,4.0,4.5
89121,3.5,3.5,4.0,4.0,4.0,3.5,4.0,3.0,3.0,3.5,3.5,3.0,4.0,3.5,4.0,3.5,2.5,3.5,4.0,3.5
89122,4.0,3.5,3.0,3.0,3.0,5.0,3.5,2.0,3.0,3.5,4.0,2.5,3.5,3.5,4.5,2.5,4.5,4.0,3.5,3.5
89123,4.0,4.0,4.0,3.5,4.0,4.0,4.5,3.5,4.0,4.5,4.0,2.5,4.0,4.0,4.0,5.0,2.5,4.0,4.0,4.0
89124,4.0,3.5,3.5,3.0,3.5,2.5,4.5,3.0,5.0,4.5,5.0,1.0,4.0,3.0,4.5,3.0,3.5,0.0,2.5,5.0
89126,4.5,0.0,0.0,0.0,4.5,0.0,3.0,0.0,0.0,0.0,5.0,0.0,4.5,0.0,0.0,0.0,0.0,0.0,1.5,3.5
89127,4.0,3.5,3.0,3.5,4.0,4.0,4.0,4.0,0.0,5.0,4.5,4.0,5.0,2.5,4.0,0.0,3.5,0.0,3.0,3.0
89128,4.0,4.0,3.5,4.0,4.0,4.0,4.0,3.5,3.5,3.5,3.5,3.5,4.0,2.5,4.5,4.0,2.0,5.0,4.0,3.5
89129,4.5,4.5,3.5,3.5,4.0,4.5,4.0,3.5,3.5,4.0,4.5,4.0,4.5,2.5,4.0,4.0,3.5,4.5,3.5,3.5
89130,4.0,3.5,4.0,3.5,4.0,3.0,3.0,3.5,5.0,4.0,3.5,4.0,4.0,3.0,4.0,5.0,1.5,4.5,4.0,4.0
89131,4.0,4.5,3.0,3.0,3.5,4.0,4.5,3.0,3.5,4.0,4.0,2.5,3.5,3.5,3.5,3.0,3.0,4.0,3.5,4.0
89133,3.5,4.0,4.0,3.5,4.0,4.0,5.0,3.5,4.0,3.5,4.5,4.5,5.0,3.0,4.5,3.5,3.5,4.0,3.5,3.5
89134,3.5,3.5,3.0,3.5,4.0,5.0,4.5,4.5,3.5,4.0,4.5,3.5,3.5,3.5,3.5,5.0,2.5,4.5,4.0,4.0
89135,4.0,4.0,3.5,3.5,3.5,4.0,4.5,3.0,3.0,4.0,4.5,3.5,3.5,5.0,4.5,5.0,4.5,4.0,3.5,3.5
89136,4.0,3.5,4.5,3.5,3.5,3.5,4.0,4.0,3.0,3.5,5.0,3.0,3.5,3.0,3.0,5.0,2.0,4.0,3.5,3.5
89138,5.0,5.0,2.5,3.5,4.5,4.5,5.0,3.5,3.0,5.0,5.0,3.0,3.5,3.5,5.0,3.5,3.0,3.5,3.5,4.5
89139,4.0,4.5,3.5,3.5,4.0,3.5,3.5,3.5,3.5,4.0,4.0,4.0,4.0,3.0,4.0,3.0,3.0,5.0,4.0,4.0
89140,0.0,0.0,0.0,0.0,0.0,0.0,0.0,0.0,0.0,0.0,3.5,0.0,0.0,0.0,0.0,0.0,3.0,0.0,2.5,0.0
89141,4.0,4.0,2.5,4.0,3.5,3.5,5.0,4.5,2.5,4.5,4.5,4.0,4.0,3.0,4.0,4.5,2.5,5.0,3.5,4.0
89142,3.5,3.5,4.0,4.0,3.5,3.5,5.0,3.5,4.0,4.0,2.5,3.0,3.5,3.0,4.0,4.5,1.5,3.5,3.5,4.0
89143,3.5,4.0,3.5,3.5,4.5,5.0,4.5,3.0,3.5,4.0,3.5,3.0,2.0,3.5,4.5,3.0,3.5,4.0,4.0,4.5
89144,4.0,3.5,4.5,3.0,4.0,3.5,5.0,4.0,3.0,3.5,4.0,3.0,4.0,4.0,4.5,5.0,3.0,4.5,4.0,3.5
89145,4.0,3.5,4.0,4.0,4.0,3.5,3.5,4.0,3.0,4.0,4.0,3.5,3.5,3.5,4.5,3.5,5.0,4.0,4.0,4.0
89146,4.0,4.0,4.0,4.0,4.0,4.0,4.0,4.0,3.5,4.0,3.5,3.5,4.5,4.0,4.5,4.5,3.0,4.5,4.0,4.0
89147,4.0,4.0,3.5,3.5,4.5,4.0,3.5,3.5,4.0,4.0,4.0,3.5,4.0,3.5,4.0,3.5,3.0,5.0,4.0,4.0
89148,3.5,4.0,4.5,4.0,4.5,4.0,5.0,3.0,4.0,4.0,3.5,5.0,4.5,4.5,4.5,4.5,2.5,3.5,4.0,4.0
89149,4.0,4.0,3.0,3.0,4.0,3.0,4.5,3.5,3.5,3.5,4.5,2.5,3.5,3.0,4.0,4.0,3.0,4.0,3.5,4.0
89150,0.0,0.0,0.0,0.0,0.0,0.0,0.0,0.0,0.0,0.0,0.0,0.0,0.0,0.0,0.0,0.0,0.0,0.0,3.0,0.0
89151,4.0,4.5,5.0,4.0,4.0,5.0,4.5,3.0,5.0,3.5,4.0,5.0,4.0,0.0,3.5,3.0,0.0,5.0,3.5,3.5
89152,4.5,4.0,3.5,4.0,3.5,4.5,5.0,3.0,1.5,2.5,2.5,2.5,3.5,4.0,3.0,2.0,3.0,0.0,4.0,3.5
89153,4.5,3.5,3.0,4.5,3.5,4.0,0.0,3.5,1.0,1.5,4.0,0.0,0.0,0.0,0.0,0.0,1.5,0.0,4.0,2.5
89154,3.5,4.0,3.5,3.5,2.5,3.0,4.0,3.5,5.0,3.5,5.0,3.5,4.0,3.5,4.0,3.5,4.5,4.0,2.5,3.5
89155,4.0,4.0,3.0,3.5,3.5,3.5,3.5,3.0,2.5,3.5,3.5,3.5,3.5,3.0,4.0,1.5,3.5,0.0,4.0,3.0
89156,4.5,3.5,3.5,3.5,2.5,4.0,4.0,2.5,3.5,3.5,4.5,3.5,3.0,3.0,4.0,5.0,2.5,4.0,4.0,3.5
89157,4.5,0.0,0.0,0.0,0.0,0.0,0.0,0.0,0.0,0.0,3.0,2.0,0.0,0.0,0.0,0.0,0.0,0.0,2.5,2.5
89158,3.0,3.5,3.5,4.0,4.0,4.0,4.5,4.0,3.0,3.5,4.0,5.0,4.0,2.5,4.0,3.0,3.0,4.0,4.0,4.0
89160,0.0,5.0,0.0,0.0,3.5,0.0,3.5,0.0,0.0,0.0,5.0,5.0,0.0,0.0,0.0,0.0,0.0,0.0,0.0,0.0
89161,4.0,4.0,2.5,3.0,4.5,3.5,4.5,3.5,0.0,4.0,4.5,4.0,3.5,0.0,5.0,2.5,0.0,0.0,3.5,4.0
89162,3.5,4.0,3.5,3.5,3.5,4.0,4.0,4.0,3.0,3.5,3.0,3.0,5.0,4.0,4.0,2.5,4.0,3.5,3.5,4.0
89166,3.5,4.0,3.5,3.5,4.0,3.5,3.5,3.0,4.0,5.0,3.0,3.0,5.0,3.5,5.0,3.0,2.5,3.5,4.0,5.0
89169,4.0,3.5,3.5,3.5,3.5,4.5,3.0,4.0,2.5,3.5,3.5,3.0,4.0,3.5,4.0,2.0,3.0,4.0,4.0,3.0
89173,0.0,0.0,0.0,0.0,0.0,0.0,0.0,0.0,0.0,0.0,0.0,0.0,0.0,0.0,0.0,0.0,0.0,0.0,3.0,0.0
89178,4.5,4.5,3.5,4.0,4.0,5.0,5.0,4.5,4.0,4.0,4.5,3.0,4.0,3.5,4.5,5.0,2.5,3.5,3.0,3.5
89179,4.0,4.0,4.0,3.5,4.0,4.0,4.0,3.5,3.5,3.5,4.5,3.5,5.0,3.0,4.5,1.5,3.5,4.0,4.0,3.5
89180,0.0,3.5,0.0,0.0,0.0,0.0,2.5,0.0,0.0,0.0,2.5,0.0,0.0,0.0,3.0,0.0,0.0,0.0,2.5,0.0
89183,3.5,4.0,4.0,4.0,4.0,4.5,3.5,3.5,3.0,3.5,3.5,2.5,4.0,4.0,4.0,2.5,2.5,4.5,3.5,3.5
89191,4.5,4.5,2.0,3.5,4.5,3.5,4.0,3.0,3.0,3.0,3.5,3.0,3.5,3.5,4.0,3.0,4.5,4.0,3.0,3.0
89193,3.5,4.0,2.0,3.5,4.0,4.0,4.5,3.0,3.0,3.5,4.0,3.0,4.0,4.5,4.0,4.0,3.0,4.0,4.0,3.5
89195,4.0,3.5,3.0,3.5,4.0,4.0,4.0,4.0,0.0,5.0,4.5,4.0,5.0,2.5,4.0,0.0,3.5,0.0,3.0,3.0
89199,4.0,4.0,3.5,3.5,4.0,4.0,3.5,5.0,2.0,3.5,2.0,3.5,3.5,3.5,4.0,2.0,3.5,3.5,3.5,4.0
90037,5.0,4.5,1.0,4.0,3.5,4.0,3.5,3.5,0.0,1.5,4.5,5.0,0.0,0.0,0.0,0.0,2.5,0.0,3.5,2.5
90210,4.0,4.0,3.5,3.0,3.5,0.0,5.0,0.0,0.0,3.5,3.5,3.5,4.5,4.5,4.5,3.5,3.5,0.0,4.0,3.0
91205,4.0,4.5,1.0,3.5,3.5,3.0,4.5,2.0,3.0,2.5,4.0,3.5,4.0,3.5,4.0,5.0,3.5,5.0,3.5,4.0
91746,4.0,4.5,3.5,3.5,3.5,3.0,4.5,2.0,3.0,2.5,4.0,3.5,4.0,3.5,4.0,5.0,3.5,5.0,3.5,4.0
92103,3.0,4.5,3.0,3.0,5.0,4.5,3.5,4.0,2.0,2.5,4.5,2.5,3.0,2.5,4.5,5.0,4.0,0.0,3.0,3.0
92107,4.0,4.0,3.5,3.0,3.5,0.0,1.5,0.0,0.0,3.5,3.5,3.5,4.5,4.5,4.5,3.5,3.5,0.0,4.0,3.0
93013,0.0,0.0,0.0,0.0,0.0,0.0,0.0,0.0,0.0,0.0,0.0,0.0,0.0,0.0,0.0,0.0,0.0,0.0,3.0,0.0
93612,3.5,4.0,3.0,3.5,3.5,4.0,4.0,4.0,0.0,4.0,3.5,3.0,4.0,4.0,4.5,4.5,3.5,0.0,3.5,4.0
15211,4.0,4.0,3.5,3.5,4.0,4.0,4.0,4.0,3.0,3.0,3.0,3.5,3.5,3.5,4.0,3.5,4.0,0.0,3.5,3.5
15213,4.0,4.0,3.5,3.0,3.5,0.0,5.0,0.0,0.0,3.5,3.5,3.5,4.5,4.5,4.5,3.5,3.5,0.0,4.0,3.0
15222,3.5,5.0,1.5,3.5,4.0,3.5,4.0,3.0,3.0,3.5,4.0,5.0,4.0,3.0,5.0,2.5,3.5,3.5,4.5,4.0
15224,4.0,4.0,3.5,3.0,3.5,0.0,3.5,0.0,0.0,3.5,3.5,3.5,4.5,4.5,4.5,3.5,3.5,0.0,4.0,3.0
28104,0.0,0.0,0.0,0.0,0.0,0.0,0.0,0.0,0.0,0.0,0.0,0.0,0.0,0.0,0.0,0.0,0.0,0.0,3.5,0.0
28213,3.5,4.5,4.5,3.5,4.0,0.0,5.0,3.5,1.0,3.0,3.5,3.0,4.5,1.5,4.5,0.0,3.5,0.0,3.5,3.5
28280,4.5,3.5,3.5,3.5,4.0,3.5,4.0,3.0,3.5,3.5,4.5,2.0,4.0,3.5,5.0,3.0,3.0,4.0,3.0,4.0
28282,5.0,4.5,1.0,4.0,3.5,4.0,3.5,3.5,0.0,1.5,4.5,5.0,0.0,0.0,0.0,0.0,2.5,0.0,3.5,2.5
29715,4.5,4.0,3.0,3.5,4.0,0.0,0.0,2.5,1.5,2.0,2.5,3.5,3.5,3.5,4.5,4.0,1.0,0.0,3.5,4.0
53703,0.0,0.0,0.0,0.0,0.0,0.0,0.0,0.0,0.0,0.0,0.0,0.0,0.0,0.0,0.0,0.0,0.0,0.0,5.0,0.0
53715,4.0,4.5,3.5,3.0,4.0,4.5,4.0,3.5,3.0,5.0,3.5,5.0,3.5,3.0,4.5,3.5,2.0,0.0,3.5,3.5
61820,0.0,3.5,0.0,0.0,4.5,0.0,0.0,0.0,0.0,4.5,0.0,4.5,0.0,0.0,0.0,0.0,0.0,0.0,4.0,4.5
85003,2.5,4.0,3.5,3.5,5.0,4.0,4.5,3.0,3.0,5.0,3.5,1.0,4.5,4.0,4.5,3.0,2.5,4.0,4.0,4.0
85004,4.5,4.0,0.0,4.0,3.0,0.0,0.0,0.0,0.0,0.0,0.0,0.0,0.0,0.0,0.0,0.0,3.5,0.0,4.0,2.0
85006,5.0,4.0,1.0,4.0,3.5,4.0,3.5,3.5,0.0,1.5,4.5,5.0,0.0,0.0,0.0,0.0,2.5,0.0,3.5,2.5
85013,3.0,4.5,3.0,3.0,5.0,4.5,3.5,4.0,2.0,2.5,4.5,2.5,3.0,2.5,4.5,5.0,4.0,0.0,3.0,3.0
85021,3.0,4.5,3.0,3.0,5.0,4.5,3.5,4.0,2.0,2.5,4.5,2.5,3.0,2.5,4.5,5.0,4.0,0.0,3.0,3.0
85027,0.0,0.0,0.0,0.0,0.0,0.0,0.0,0.0,0.0,0.0,0.0,0.0,0.0,0.0,0.0,0.0,0.0,0.0,4.5,0.0
85028,0.0,0.0,0.0,0.0,0.0,0.0,0.0,0.0,0.0,0.0,0.0,0.0,0.0,0.0,0.0,0.0,0.0,0.0,4.0,0.0
85032,4.0,4.0,1.5,2.5,3.5,0.0,5.0,3.0,0.0,0.0,4.0,5.0,2.5,0.0,4.5,0.0,3.5,0.0,3.0,4.5
85034,3.0,4.5,4.0,3.0,4.0,0.0,0.0,2.5,1.5,2.5,3.5,3.5,2.5,2.5,3.0,4.5,4.0,0.0,2.0,3.5
85037,4.0,4.5,5.0,3.5,3.5,3.0,4.5,2.0,3.0,2.5,4.0,3.5,4.0,3.5,4.0,5.0,3.5,5.0,3.5,4.0
85043,4.5,4.0,4.5,3.0,3.5,0.0,4.5,0.0,0.0,3.5,4.0,2.0,4.5,3.0,5.0,0.0,0.0,0.0,3.5,5.0
85048,0.0,3.5,0.0,0.0,0.0,0.0,2.5,0.0,0.0,0.0,4.0,0.0,0.0,0.0,3.0,0.0,0.0,0.0,2.5,0.0
85050,4.0,4.5,4.5,3.5,3.5,3.0,4.5,2.0,3.0,2.5,4.0,3.5,4.0,3.5,4.0,5.0,3.5,5.0,3.5,4.0
85051,3.0,4.5,3.0,3.0,5.0,4.5,3.5,4.0,2.0,2.5,4.5,2.5,3.0,2.5,4.5,5.0,4.0,0.0,3.0,3.0
85054,5.0,4.5,1.0,4.0,3.5,4.0,3.5,3.5,0.0,1.5,4.5,5.0,0.0,0.0,0.0,0.0,2.5,0.0,3.5,2.5
85086,3.5,4.0,3.0,3.5,3.5,4.0,4.0,4.0,0.0,4.0,3.5,5.0,4.0,4.0,4.5,4.5,3.5,0.0,3.5,4.0
85118,4.0,4.0,3.5,3.0,3.5,0.0,5.0,0.0,0.0,3.5,3.5,3.5,4.5,4.5,4.5,3.5,3.5,0.0,4.0,3.0
85120,0.0,3.5,0.0,0.0,0.0,0.0,2.5,0.0,0.0,0.0,3.0,0.0,0.0,0.0,3.0,0.0,0.0,0.0,2.5,0.0
85122,0.0,3.5,0.0,0.0,0.0,0.0,2.5,0.0,0.0,0.0,5.0,0.0,0.0,0.0,3.0,0.0,0.0,0.0,2.5,0.0
85128,4.5,4.5,4.5,3.5,4.0,0.0,5.0,3.5,1.0,3.0,3.5,3.0,4.5,1.5,4.5,0.0,3.5,0.0,3.5,3.5
85139,0.0,3.5,0.0,0.0,0.0,0.0,2.5,0.0,0.0,0.0,5.0,0.0,0.0,0.0,3.0,0.0,0.0,0.0,2.5,0.0
85142,3.5,4.0,4.0,3.0,2.5,4.5,5.0,3.0,3.5,4.0,3.5,3.0,3.5,4.0,4.0,3.0,3.0,4.5,4.0,3.5
85201,3.5,4.0,3.5,3.5,4.5,4.0,4.5,3.0,3.5,4.0,5.0,3.0,5.0,2.5,4.0,3.0,3.5,4.0,3.5,5.0
85206,0.0,0.0,0.0,0.0,0.0,0.0,0.0,0.0,0.0,0.0,0.0,0.0,0.0,0.0,0.0,0.0,0.0,0.0,2.5,0.0
85209,4.5,0.0,0.0,0.0,0.0,0.0,0.0,0.0,0.0,0.0,5.0,2.0,0.0,0.0,0.0,0.0,0.0,0.0,2.5,4.5
85212,5.0,2.5,1.0,4.0,3.5,4.0,3.5,3.5,0.0,1.5,4.5,5.0,0.0,0.0,0.0,0.0,2.5,0.0,3.5,2.5
85224,4.0,4.0,3.0,3.0,4.0,4.0,5.0,3.5,0.0,3.0,4.0,4.0,3.5,0.0,5.0,3.5,3.5,0.0,3.5,4.0
85225,4.0,3.0,3.5,3.5,4.0,4.5,5.0,3.5,2.0,4.0,2.5,3.0,3.5,3.5,5.0,3.0,3.5,4.5,4.5,4.5
85233,3.5,4.5,4.0,3.0,4.0,0.0,3.5,3.5,3.0,3.5,4.0,4.0,5.0,5.0,4.5,3.5,2.5,0.0,3.5,3.5
85249,3.5,3.5,3.0,3.5,4.0,4.5,3.5,3.5,4.5,2.0,3.5,4.0,4.0,3.0,4.5,3.0,3.0,0.0,3.5,3.5
85250,5.0,4.5,1.0,4.0,3.5,4.0,3.5,3.5,0.0,1.5,4.5,5.0,0.0,0.0,0.0,0.0,2.5,0.0,3.5,2.5
85251,4.0,5.0,2.5,3.5,5.0,4.0,4.5,3.5,3.0,5.0,4.5,4.5,4.5,5.0,4.5,5.0,3.0,4.5,4.0,2.5
85254,4.0,4.0,3.0,3.0,4.0,4.0,5.0,3.5,0.0,3.0,4.0,4.0,3.5,0.0,4.0,3.5,3.5,0.0,3.5,4.0
85257,4.5,4.5,4.5,3.5,4.0,0.0,5.0,3.5,1.0,3.0,3.5,3.0,4.5,1.5,4.5,0.0,3.5,0.0,3.5,3.5
85258,4.0,4.0,3.5,3.0,3.5,0.0,4.0,0.0,0.0,3.5,3.5,3.5,4.5,4.5,4.5,3.5,3.5,0.0,4.0,3.0
85268,0.0,3.5,0.0,0.0,3.5,0.0,0.0,0.0,0.0,0.0,5.0,0.0,0.0,0.0,0.0,0.0,0.0,0.0,0.0,0.0
85281,5.0,4.0,3.5,3.5,4.0,4.0,5.0,4.0,2.5,4.0,1.0,3.0,4.0,3.0,4.0,3.0,3.5,4.5,3.5,5.0
85282,3.5,4.0,3.5,3.5,4.0,4.0,4.0,3.5,2.5,3.5,4.0,3.5,3.5,3.5,4.0,1.5,3.0,4.0,3.5,3.5
85295,3.0,4.5,3.0,3.0,2.5,4.5,3.5,4.0,2.0,2.5,4.5,2.5,3.0,2.5,4.5,5.0,4.0,0.0,3.0,3.0
85296,4.5,4.0,4.5,3.0,3.5,0.0,4.5,0.0,0.0,3.5,4.0,2.0,4.5,3.0,5.0,0.0,0.0,0.0,3.5,2.5
85301,0.0,4.0,0.0,0.0,3.5,0.0,0.0,0.0,0.0,0.0,5.0,0.0,0.0,0.0,0.0,0.0,0.0,0.0,0.0,0.0
85303,4.5,4.0,4.5,3.0,3.5,0.0,4.5,0.0,0.0,3.5,4.0,2.0,4.5,3.0,5.0,0.0,0.0,0.0,3.5,2.5
85306,3.0,4.5,3.0,3.0,2.5,4.5,3.5,4.0,2.0,2.5,4.5,2.5,3.0,2.5,4.5,5.0,4.0,0.0,3.0,3.0
85310,0.0,3.5,0.0,0.0,0.0,0.0,2.5,0.0,0.0,0.0,5.0,0.0,0.0,0.0,3.0,0.0,0.0,0.0,2.5,0.0
85323,0.0,0.0,0.0,0.0,0.0,0.0,0.0,0.0,0.0,0.0,0.0,0.0,0.0,0.0,0.0,0.0,0.0,0.0,2.0,0.0
85326,3.5,0.0,0.0,0.0,5.0,5.0,0.0,0.0,0.0,0.0,4.5,3.0,5.0,0.0,0.0,1.5,2.5,0.0,2.0,0.0
85331,0.0,0.0,0.0,0.0,0.0,0.0,0.0,0.0,0.0,0.0,4.5,0.0,0.0,0.0,0.0,0.0,3.0,0.0,3.5,0.0
85335,4.0,4.0,3.5,3.0,3.5,0.0,5.0,0.0,0.0,3.5,3.5,3.5,4.5,4.5,4.5,3.5,3.5,0.0,4.0,3.0
85340,3.0,4.0,4.5,3.0,3.5,5.0,5.0,4.0,2.0,3.5,3.0,0.0,3.5,0.0,5.0,5.0,3.5,0.0,5.0,3.5
85345,3.5,4.0,5.0,3.5,4.0,4.0,5.0,3.0,3.0,3.5,4.0,3.0,4.5,3.5,5.0,3.5,3.0,4.5,3.5,3.5
85374,4.0,4.0,3.0,3.0,4.0,4.0,5.0,3.5,0.0,3.0,4.0,4.0,3.5,0.0,5.0,3.5,3.5,0.0,3.5,4.0
85375,3.0,4.5,3.0,3.0,5.0,4.5,3.5,4.0,2.0,2.5,4.5,2.5,3.0,2.5,4.5,5.0,4.0,0.0,3.0,3.0
85392,3.0,4.5,3.0,3.0,4.5,4.5,3.5,4.0,2.0,2.5,4.5,2.5,3.0,2.5,4.5,5.0,4.0,0.0,3.0,3.0
89011,3.5,4.5,4.5,3.5,4.0,0.0,5.0,3.5,1.0,3.0,3.5,3.0,4.5,1.5,4.5,0.0,3.5,0.0,3.5,3.5
89012,0.0,2.0,5.0,0.0,2.5,0.0,0.0,0.0,0.0,3.5,4.5,3.5,5.0,0.0,0.0,0.0,0.0,5.0,3.5,2.0
89015,3.0,4.5,3.5,3.5,4.0,4.5,4.5,3.5,3.0,3.5,3.5,3.5,4.0,4.0,3.5,3.0,3.5,0.0,4.0,3.5
89030,0.0,3.5,0.0,0.0,0.0,0.0,2.5,0.0,0.0,0.0,4.5,0.0,0.0,0.0,3.0,0.0,0.0,0.0,2.5,0.0
89081,4.5,4.5,4.5,3.5,4.0,0.0,5.0,3.5,1.0,3.0,3.5,3.0,4.5,1.5,4.5,0.0,3.5,0.0,3.5,3.5
89101,4.5,4.0,4.0,3.5,5.0,4.0,5.0,3.5,3.0,3.5,3.5,3.0,3.5,5.0,4.0,5.0,3.0,4.0,4.0,3.5
89102,3.5,5.0,4.0,3.0,2.5,0.0,3.5,2.5,0.0,3.0,4.5,5.0,4.5,2.5,4.5,0.0,0.0,5.0,3.0,4.0
89103,0.0,0.0,0.0,3.0,2.5,0.0,5.0,0.0,0.0,0.0,3.5,0.0,0.0,0.0,4.5,0.0,0.0,0.0,4.5,1.0
89106,3.5,4.0,4.0,3.5,5.0,3.5,4.5,4.0,2.0,3.5,4.0,3.0,4.0,2.5,4.0,5.0,3.0,4.5,3.5,4.0
89108,4.0,4.0,3.5,3.0,3.5,0.0,5.0,0.0,0.0,3.5,3.5,3.5,4.5,4.5,4.5,3.5,3.5,0.0,4.0,3.0
89109,4.0,4.0,3.5,4.0,3.0,4.0,4.0,3.0,3.5,3.5,4.0,2.5,3.5,4.5,4.0,3.5,3.0,4.0,3.5,3.5
89113,4.0,4.0,4.0,3.5,4.0,4.5,4.0,3.5,3.0,3.5,4.0,3.5,4.0,3.5,4.5,3.0,3.5,4.5,3.5,3.5
89118,0.0,3.5,0.0,0.0,0.0,0.0,2.5,0.0,0.0,0.0,1.0,0.0,0.0,0.0,3.0,0.0,0.0,0.0,2.5,0.0
89119,4.0,4.0,3.5,4.5,4.0,3.0,5.0,3.5,0.0,4.5,3.5,3.5,5.0,3.0,4.5,2.0,3.5,0.0,2.0,3.5
89120,0.0,3.5,0.0,0.0,0.0,0.0,2.5,0.0,0.0,0.0,5.0,0.0,0.0,0.0,3.0,0.0,0.0,0.0,2.5,0.0
89122,0.0,0.0,0.0,0.0,0.0,0.0,0.0,0.0,0.0,0.0,0.0,0.0,0.0,0.0,0.0,0.0,0.0,0.0,3.0,0.0
89123,4.5,4.0,4.5,3.0,3.5,0.0,4.5,0.0,0.0,3.5,4.0,2.0,4.5,3.0,5.0,0.0,0.0,0.0,3.5,5.0
89129,0.0,0.0,5.0,0.0,0.0,0.0,0.0,0.0,0.0,3.5,5.0,5.0,0.0,0.0,0.0,0.0,0.0,5.0,0.0,0.0
89130,3.0,4.5,3.0,3.0,4.0,4.5,3.5,4.0,2.0,2.5,4.5,2.5,3.0,2.5,4.5,5.0,4.0,0.0,3.0,3.0
89144,3.5,4.0,4.0,3.0,4.5,5.0,4.5,0.0,3.5,3.0,4.0,3.0,3.5,4.0,4.5,3.0,3.0,0.0,4.0,3.5
89147,4.0,4.0,3.5,3.0,3.5,0.0,5.0,0.0,0.0,3.5,3.5,3.5,4.5,4.5,4.5,3.5,3.5,0.0,4.0,3.0
89169,4.0,4.0,5.0,3.5,3.5,0.0,3.0,2.5,1.5,2.5,4.0,1.5,3.0,0.0,3.5,0.0,1.0,0.0,3.5,4.5
89183,4.0,4.5,4.5,3.5,3.5,3.0,4.5,2.0,3.0,2.5,4.0,3.5,4.0,3.5,4.0,5.0,3.5,5.0,3.5,4.0
